-- phpMyAdmin SQL Dump
-- version 5.2.3
-- https://www.phpmyadmin.net/
--
-- Hôte : mysql_souha
-- Généré le : mer. 19 nov. 2025 à 13:20
-- Version du serveur : 8.4.7
-- Version de PHP : 8.3.27

SET SQL_MODE = "NO_AUTO_VALUE_ON_ZERO";
START TRANSACTION;
SET time_zone = "+00:00";


/*!40101 SET @OLD_CHARACTER_SET_CLIENT=@@CHARACTER_SET_CLIENT */;
/*!40101 SET @OLD_CHARACTER_SET_RESULTS=@@CHARACTER_SET_RESULTS */;
/*!40101 SET @OLD_COLLATION_CONNECTION=@@COLLATION_CONNECTION */;
/*!40101 SET NAMES utf8mb4 */;

--
-- Base de données : `learnagement`
--

-- --------------------------------------------------------

--
-- Structure de la table `APC_apprentissage_critique`
--

CREATE TABLE `APC_apprentissage_critique` (
  `id_apprentissage_critique` int NOT NULL,
  `id_niveau` int NOT NULL,
  `libelle_apprentissage` varchar(255) CHARACTER SET utf8mb3 COLLATE utf8mb3_general_ci NOT NULL
) ENGINE=InnoDB DEFAULT CHARSET=utf8mb3;

--
-- Déchargement des données de la table `APC_apprentissage_critique`
--

INSERT INTO `APC_apprentissage_critique` (`id_apprentissage_critique`, `id_niveau`, `libelle_apprentissage`) VALUES
(1, 1, 'Concevoir, gérer et utiliser une base de données (INFO502 BD, APP : PROJ531)'),
(2, 1, 'Concevoir et implémenter une application orientée objet de petite taille (<10classes) (INFO641)'),
(3, 1, 'Résoudre un problème en implémentant un algorithme dans un programme informatique (INFO501)'),
(4, 1, 'Mettre en œuvre une architecture client-serveur 3-tiers (INFO632 OS+Virtu)'),
(5, 1, 'Concevoir et implémenter une application web de rendu de données / intégrant une BD (INFO633 Web+BD) '),
(7, 2, 'Définir les caractéristiques techniques et fonctionnelles d\'un système N-tiers (INFO833, INFO734_IDU)'),
(8, 2, 'Spécifier et concevoir un logiciel (INFO732)'),
(9, 2, 'Intégrer la dimension qualité et intégration continue dans le développement logiciel (INFO832)'),
(10, 2, 'Choisir une méthode de développement adaptée (INFO734)'),
(13, 3, 'Définir et mettre en œuvre une architecture de système logiciel de donnée massives(DATA831)\r\n'),
(14, 3, 'Caractériser et choisir les solutions logicielles et systèmes adaptées aux besoins (INFO932)'),
(15, 3, 'S\'assurer de la sûreté, la fiabilité et la sécurité du système, du traitement et des données (INFO731)'),
(16, 3, 'Concevoir des applications et architectures multitâches et distribuées (INFO833)'),
(17, 3, 'Évaluer et optimiser les performances opérationnelles et énergétiques d\'un système logiciel'),
(34, 4, 'Acquérir des données provenant d’Internet (APP : PROJ531)'),
(35, 4, 'Récupérer des données provenant d’un dépôt de données structurées (INFO502, INFO633)'),
(36, 4, 'Organiser des données selon des structures de graphe  (MATH531 , PROJ631)'),
(37, 4, 'Mobiliser des outils mathématiques (MATH500, MATH501, MATH641)'),
(38, 4, 'Déployer les bases de la logique et de l’IA (INFO631)'),
(39, 4, 'Visualiser les données (INFO633)'),
(40, 5, 'Évaluer la qualité de la donnée (INFO832)'),
(41, 5, 'Répartir les fonctionnalités (acquisition, stockage, traitements, visualisation...) sur un système N-Tieris (INFO834)'),
(42, 5, 'Déployer des traitements distribués (INFO743, INFO731)'),
(43, 5, 'Mobiliser des outils stochastiques (DATA731, MATH741)'),
(44, 5, 'Développer des rendus visuels divers, en vue d’une aide à la décision (DATA732, INFO734, INFO831)'),
(45, 5, 'Déployer des outils d’IA (DATA832, DATA931)'),
(46, 5, 'Concevoir et mettre en œuvre une base de données NoSQL (INFO834)'),
(47, 6, 'Mettre en œuvre des traitements big data (cloud, batch, flux..) (DATA831, INFO932, PROJ832)'),
(48, 6, 'Développer des traitements distribués (INFO833, INFO932)'),
(49, 6, 'Développer des rendus visuels divers, en vue d’une aide à la décision multi-critères (INFO931)'),
(50, 6, 'Intégrer des solutions issues de la recherche (ISOC931, PROJ901)'),
(51, 6, 'Caractériser et choisir une représentation de données et les traitements adaptés dans un contexte de big data (INFO834)'),
(52, 7, 'Lier des problématique techniques au problématique societales (ISOC 531)'),
(53, 7, 'Construire des API de Plateformes numériques (ISOC 631)'),
(54, 7, 'Prendre en compte l’importance stratégique de la donnée (ISOC 631)'),
(55, 7, 'Intégrer à la démarche d’ingénierie la dimension étique et de développement durable (ISOC 531, ISOC 631, DDRS501)'),
(56, 8, 'Intégrer le cadre légal et réglementaire du traitement de données  (ISOC 731)'),
(57, 8, 'Analyser et maîtriser les exigences du RGPD et du droit de la propriété (ISOC 731, INFO731)'),
(58, 8, 'Intégrer les dimension économie de la donnée (valeur de la données, utilisation par les entreprise du numerique, mise en place business plan) (ISOC731)'),
(59, 9, 'Identifier les risques de sécurité informatique sur les système et les données (fuite de données) (INFO731, PROJ931)'),
(60, 9, 'Mettre en place les élément de sécurité et de cryptographie (INFO731, PROJ931)'),
(61, 9, 'Intégrer l’intermédiation dans la conception des système numérique (INFO731, PROJ931)'),
(62, 9, 'Comprendre les effets réseaux dans le développement des plateforme numérique (ISOC631)'),
(63, 9, 'Expliquer les flux, stockage, sécurisation de la données au sein des entreprises (PROJ931)'),
(64, 10, 'Définir  un projet, ses objectifs, ses acteur et les outils de gestion de projet (PROJ531)'),
(65, 10, 'Mettre en œuvre une méthode de gestion de projet informatique et des outils collaboratifs associés (PROJ531)'),
(66, 10, 'Mettre en œuvre des outils de planification et de suivi de projet  (PROJ531)'),
(67, 10, 'Évaluer la rentabilité des projets (SHES601)'),
(68, 10, 'Concevoir les bases d\'une stratégie d\'entreprise (SHES505)'),
(69, 10, 'Comprendre les lois et réglementations qui régissent leur domaine d\'expertise (SHES602)'),
(70, 11, 'Analyser les besoins, identifier les contraintes et élaborer un cahier des charges (INFO731)'),
(71, 11, 'Animer les réunions et organiser le travail pour clarifier les attendus (SHES703)'),
(72, 11, 'Identifier et évaluer les risques triviaux d\'un projet (SHES802)'),
(73, 11, 'Utiliser les techniques de créativité pour apporter des solutions originales (SHES704)'),
(74, 11, 'Analyser et évaluer les structures et les processus organisationnels (SHES803)'),
(75, 11, 'Communiquer avec différentes cultures LANGXXX'),
(76, 12, 'Utiliser des méthodes de management pour la motivation en projet (SHES 901)'),
(77, 12, 'Manager des équipes projet (gestion des organisations, résistance au changement…) (SHES803, SHES901)'),
(78, 12, 'Évaluer l\'impact du projet en interne et en externe (responsabilité sociétale et environnementale, stratégie de l\'entreprise…) (DDRS ???, SHES802)');

-- --------------------------------------------------------

--
-- Structure de la table `APC_apprentissage_critique_as_module`
--

CREATE TABLE `APC_apprentissage_critique_as_module` (
  `id_apprentissage_critique` int NOT NULL,
  `id_module` int NOT NULL,
  `type_lien` enum('Requis','Recommandé','Complémentaire') CHARACTER SET utf8mb3 COLLATE utf8mb3_general_ci NOT NULL DEFAULT 'Requis'
) ENGINE=InnoDB DEFAULT CHARSET=utf8mb3;

--
-- Déchargement des données de la table `APC_apprentissage_critique_as_module`
--

INSERT INTO `APC_apprentissage_critique_as_module` (`id_apprentissage_critique`, `id_module`, `type_lien`) VALUES
(1, 13, 'Requis'),
(1, 43, 'Requis'),
(2, 14, 'Requis'),
(2, 49, 'Requis'),
(3, 12, 'Requis'),
(3, 49, 'Requis'),
(3, 83, 'Requis'),
(4, 46, 'Requis'),
(5, 74, 'Requis'),
(7, 55, 'Requis'),
(7, 62, 'Requis'),
(8, 52, 'Requis'),
(9, 61, 'Requis'),
(10, 55, 'Requis'),
(13, 57, 'Requis'),
(14, 66, 'Requis'),
(15, 51, 'Requis'),
(16, 62, 'Requis'),
(17, 62, 'Requis'),
(34, 48, 'Requis'),
(35, 13, 'Requis'),
(35, 74, 'Requis'),
(36, 45, 'Requis'),
(36, 49, 'Requis'),
(37, 45, 'Requis'),
(37, 49, 'Requis'),
(37, 83, 'Requis'),
(37, 91, 'Requis'),
(38, 44, 'Requis'),
(39, 74, 'Requis'),
(40, 61, 'Requis'),
(41, 63, 'Requis'),
(42, 16, 'Requis'),
(42, 51, 'Requis'),
(43, 50, 'Requis'),
(43, 58, 'Requis'),
(43, 68, 'Requis'),
(43, 98, 'Requis'),
(44, 54, 'Requis'),
(44, 55, 'Requis'),
(44, 59, 'Requis'),
(46, 63, 'Requis'),
(47, 57, 'Requis'),
(47, 66, 'Requis'),
(47, 180, 'Requis'),
(48, 62, 'Requis'),
(48, 66, 'Requis'),
(49, 65, 'Requis'),
(50, 69, 'Requis'),
(50, 115, 'Requis'),
(51, 63, 'Requis'),
(52, 42, 'Requis'),
(53, 47, 'Requis'),
(54, 47, 'Requis'),
(55, 42, 'Requis'),
(55, 47, 'Requis'),
(56, 51, 'Requis'),
(56, 56, 'Requis'),
(57, 51, 'Requis'),
(57, 61, 'Requis'),
(58, 42, 'Requis'),
(58, 56, 'Requis'),
(59, 51, 'Requis'),
(59, 67, 'Requis'),
(60, 51, 'Requis'),
(60, 67, 'Requis'),
(61, 51, 'Requis'),
(61, 67, 'Requis'),
(62, 47, 'Requis'),
(63, 67, 'Requis');

-- --------------------------------------------------------

--
-- Structure de la table `APC_competence`
--

CREATE TABLE `APC_competence` (
  `id_competence` int NOT NULL,
  `libelle_competence` varchar(255) CHARACTER SET utf8mb3 COLLATE utf8mb3_general_ci NOT NULL,
  `code_competence` varchar(25) NOT NULL,
  `description` varchar(255) CHARACTER SET utf8mb3 COLLATE utf8mb3_general_ci DEFAULT NULL
) ENGINE=InnoDB DEFAULT CHARSET=utf8mb3;

--
-- Déchargement des données de la table `APC_competence`
--

INSERT INTO `APC_competence` (`id_competence`, `libelle_competence`, `code_competence`, `description`) VALUES
(1, 'Concevoir et mettre en œuvre des systèmes informatiques', 'COMP_IDU1', NULL),
(2, 'Collecter et traiter des données numériques', 'COMP_IDU2', NULL),
(3, 'Gérer les usages des données numériques en lien avec le client', 'COMP_IDU3', NULL),
(4, 'Gérer un projet informatique', 'COMP_IDU4', NULL);

-- --------------------------------------------------------

--
-- Structure de la table `APC_competence_as_filiere_as_statut`
--

CREATE TABLE `APC_competence_as_filiere_as_statut` (
  `id_competence` int NOT NULL,
  `id_filiere` int NOT NULL,
  `id_statut` int NOT NULL
) ENGINE=InnoDB DEFAULT CHARSET=utf8mb3;

-- --------------------------------------------------------

--
-- Structure de la table `APC_composante_essentielle`
--

CREATE TABLE `APC_composante_essentielle` (
  `id_composante_essentielle` int NOT NULL,
  `id_competence` int NOT NULL,
  `libelle_composante_essentielle` varchar(255) CHARACTER SET utf8mb3 COLLATE utf8mb3_general_ci NOT NULL
) ENGINE=InnoDB DEFAULT CHARSET=utf8mb3;

--
-- Déchargement des données de la table `APC_composante_essentielle`
--

INSERT INTO `APC_composante_essentielle` (`id_composante_essentielle`, `id_competence`, `libelle_composante_essentielle`) VALUES
(1, 1, 'En satisfaisant les besoins de l\'utilisateur avec une solution adaptée'),
(2, 1, 'En utilisant des méthodes et outils assurant la qualité du système (développement logiciel, gestion de projet informatique, standards qualité, sûreté, sécurité, amélioration continue)'),
(3, 1, 'En adoptant une approche systémique (aspects matériels et logiciels)'),
(4, 1, 'En communiquant de manière professionnelle (écrit, oral)'),
(5, 2, 'En utilisant de multiples outils d’acquisition  (scraping, des api web ou des dépôts de données structurées ou non)'),
(6, 2, 'En déployant des processus adaptés (mesure de la qualité, analyses statistiques, IA, rendus visuels...)'),
(7, 2, 'En déployant des analyses et visuels dans un but décisionnel '),
(8, 2, 'En gérant un stockage adéquat de la donnée'),
(9, 2, 'En respectant les réglementations légales '),
(13, 3, 'En respectant les réglementations en vigueur (RGPD, licences, ...)'),
(14, 3, 'En communiquant de manière professionnelle (oral, écrit)'),
(15, 3, 'En dimensionnant les solutions aux besoins'),
(16, 4, 'En exerçant un management opérationnel et stratégique'),
(17, 4, 'En coopérant avec des acteurs de professions et cultures différentes'),
(18, 4, 'En développant l\'initiative, l\'autonomie et l\'esprit d\'entreprenariat'),
(19, 4, 'En prenant en compte la dimension développement durable et RSE'),
(20, 4, 'En intégrant l’état de l’art des connaissances et des pratiques'),
(21, 4, 'En utilisant des méthodes et outils de gestion et de suivi du projet');

-- --------------------------------------------------------

--
-- Structure de la table `APC_niveau`
--

CREATE TABLE `APC_niveau` (
  `id_niveau` int NOT NULL,
  `id_competence` int NOT NULL,
  `niveau` int NOT NULL,
  `libelle_niveau` varchar(255) CHARACTER SET utf8mb3 COLLATE utf8mb3_general_ci NOT NULL
) ENGINE=InnoDB DEFAULT CHARSET=utf8mb3;

--
-- Déchargement des données de la table `APC_niveau`
--

INSERT INTO `APC_niveau` (`id_niveau`, `id_competence`, `niveau`, `libelle_niveau`) VALUES
(1, 1, 1, 'Pour une application simple 3-tiers intégrant une base de données et programmée en langage procédural ou objet'),
(2, 1, 2, 'Pour une application N-tiers intégrant une base de données et programmée en langage objet et respectant les normes de qualité logiciel  '),
(3, 1, 3, 'Pour une application traitant des données du BigData'),
(4, 2, 1, 'Pour des données simples, en petites quantités (<1000 tuples, <20 caractéristique, traitable en temps réel sur un PC de type bureautique)'),
(5, 2, 2, 'Pour de grandes quantités de données nécessitant une ou plusieurs stations de calculs intensifs'),
(6, 2, 3, 'Pour des données nécessitant des techniques de BigData (en volume, vélocité ou variété)'),
(7, 3, 1, 'Appréhender les enjeux sociaux de la donnée'),
(8, 3, 2, 'Intégrer le caractère socio-économique de la donnée'),
(9, 3, 3, 'Protéger la donnée et les systèmes informatiques'),
(10, 4, 1, 'Dans un cas simple, à partir d\'un cahier des charges donné'),
(11, 4, 2, 'De façon semi-autonome à partir des besoins, dans un contexte socio-économique et culturel international'),
(12, 4, 3, 'Dans un contexte autonome de d\'amélioration, d\'innovation ou de recherche');

-- --------------------------------------------------------

--
-- Structure de la table `APC_situation_professionnelle`
--

CREATE TABLE `APC_situation_professionnelle` (
  `id_situation_professionnelle` int NOT NULL,
  `id_competence` int NOT NULL,
  `libelle_situation` varchar(255) CHARACTER SET utf8mb3 COLLATE utf8mb3_general_ci NOT NULL
) ENGINE=InnoDB DEFAULT CHARSET=utf8mb3;

--
-- Déchargement des données de la table `APC_situation_professionnelle`
--

INSERT INTO `APC_situation_professionnelle` (`id_situation_professionnelle`, `id_competence`, `libelle_situation`) VALUES
(1, 1, 'Ingénieur DevOps, Architecte big data, Architecte SI, Ingénieur d’études / Recherche et Développement'),
(2, 1, 'ISOC831 Dimension Métier  (présentation de situation professionnelles par des entreprises.)'),
(3, 2, 'DATA Engineer, DATA Analyst, Data scientist'),
(4, 2, 'ISOC831 Dimension Métier (présentation de situation professionnelles par des entreprises.)'),
(5, 3, 'Dev Front, Entreprenariat, Ingénieur sécu, Data Architecte'),
(6, 3, 'ISOC831 Dimension Métier (présentation de situation professionnelles par des entreprises.)'),
(7, 4, 'Conduite de projet informatique'),
(8, 4, 'ISOC831 Dimension Métier (présentation de situation professionnelles par des entreprises.)');

-- --------------------------------------------------------

--
-- Structure de la table `CLASS_absence`
--

CREATE TABLE `CLASS_absence` (
  `id_session` int NOT NULL,
  `id_etudiant` int NOT NULL
) ENGINE=InnoDB DEFAULT CHARSET=utf8mb4 COLLATE=utf8mb4_0900_ai_ci;

--
-- Déchargement des données de la table `CLASS_absence`
--

INSERT INTO `CLASS_absence` (`id_session`, `id_etudiant`) VALUES
(16, 76),
(18, 76),
(20, 76),
(89, 76),
(91, 76),
(93, 76),
(95, 76),
(149, 76),
(151, 76),
(153, 76),
(155, 76),
(157, 76),
(254, 76),
(819, 76),
(820, 76),
(821, 76),
(822, 76),
(853, 76),
(854, 76),
(855, 76),
(993, 76),
(994, 76),
(995, 76),
(996, 76),
(997, 76),
(998, 76),
(999, 76);

-- --------------------------------------------------------

--
-- Structure de la table `CLASS_session`
--

CREATE TABLE `CLASS_session` (
  `id_session` int NOT NULL,
  `id_module_sequence` int NOT NULL,
  `id_groupe` int NOT NULL,
  `id_enseignant` int DEFAULT NULL,
  `schedule` datetime DEFAULT NULL
) ENGINE=InnoDB DEFAULT CHARSET=utf8mb4 COLLATE=utf8mb4_0900_ai_ci;

--
-- Déchargement des données de la table `CLASS_session`
--

INSERT INTO `CLASS_session` (`id_session`, `id_module_sequence`, `id_groupe`, `id_enseignant`, `schedule`) VALUES
(10, 1, 1, 19, '2024-04-22 10:00:44'),
(11, 2, 1, 19, '2024-03-16 17:00:44'),
(12, 3, 1, 19, '2024-06-14 16:00:44'),
(13, 4, 4, 14, '2025-01-04 09:00:44'),
(14, 5, 4, 14, '2024-05-27 08:00:44'),
(15, 6, 4, 14, '2024-10-24 11:00:44'),
(16, 7, 7, 14, '2024-08-19 07:00:44'),
(17, 7, 8, 18, '2024-12-31 14:00:44'),
(18, 8, 7, 14, '2024-07-06 08:00:44'),
(19, 8, 8, 18, '2024-04-10 12:00:44'),
(20, 9, 7, 14, '2024-05-02 15:00:44'),
(21, 9, 8, 18, '2024-06-22 08:00:44'),
(52, 10, 2, 54, '2024-10-10 11:00:44'),
(53, 11, 2, 54, '2024-07-21 07:00:44'),
(54, 15, 2, 18, '2024-10-31 13:00:44'),
(55, 16, 2, 18, '2025-02-03 13:00:44'),
(56, 21, 2, 18, '2024-07-20 11:00:44'),
(57, 23, 2, 18, '2024-11-25 08:00:44'),
(58, 24, 2, 18, '2024-06-19 10:00:44'),
(59, 12, 5, 54, '2024-12-26 09:00:44'),
(60, 13, 5, 54, '2024-10-26 10:00:44'),
(61, 17, 5, 18, '2024-12-10 11:00:44'),
(62, 18, 5, 18, '2024-10-25 13:00:44'),
(63, 19, 5, 18, '2024-04-16 14:00:44'),
(64, 22, 5, 18, '2024-06-20 13:00:44'),
(65, 25, 5, 18, '2024-07-23 12:00:44'),
(66, 26, 5, 54, '2024-08-29 09:00:44'),
(67, 581, 9, 54, '2024-10-12 11:00:44'),
(68, 581, 10, 18, '2025-03-01 15:00:44'),
(69, 580, 9, 18, '2024-05-16 15:00:44'),
(70, 580, 10, 18, '2024-11-15 10:00:44'),
(71, 27, 5, 18, '2024-07-07 11:00:44'),
(72, 28, 5, 18, '2025-03-07 16:00:44'),
(73, 29, 1, 18, '2025-01-21 08:00:44'),
(74, 30, 1, 18, '2024-10-10 13:00:44'),
(75, 31, 1, 18, '2024-06-22 15:00:44'),
(76, 32, 1, 18, '2024-04-19 07:00:44'),
(77, 33, 1, 18, '2024-09-11 11:00:44'),
(78, 34, 1, 18, '2024-10-19 16:00:44'),
(79, 35, 1, 18, '2024-03-12 12:00:44'),
(80, 36, 1, 18, '2024-10-12 13:00:44'),
(81, 37, 4, 62, '2024-05-14 10:00:44'),
(82, 38, 4, 62, '2024-03-14 07:00:44'),
(83, 39, 4, 62, '2024-10-12 16:00:44'),
(84, 40, 4, 62, '2024-04-16 07:00:44'),
(85, 41, 4, 62, '2024-10-05 07:00:44'),
(86, 42, 4, 62, '2025-02-11 08:00:44'),
(87, 44, 4, 18, '2024-08-13 11:00:44'),
(88, 45, 4, 18, '2024-12-07 08:00:44'),
(89, 46, 7, 62, '2024-06-25 09:00:44'),
(90, 46, 8, 18, '2025-01-06 08:00:44'),
(91, 47, 7, 62, '2024-04-01 11:00:44'),
(92, 47, 8, 18, '2024-11-17 10:00:44'),
(93, 48, 7, 62, '2024-09-22 12:00:44'),
(94, 48, 8, 18, '2025-02-21 15:00:44'),
(95, 49, 7, 62, '2024-06-17 10:00:44'),
(96, 49, 8, 18, '2024-09-27 10:00:44'),
(104, 587, 4, 28, '2025-03-05 09:00:44'),
(105, 586, 4, 28, '2024-12-05 12:00:44'),
(106, 52, 4, 28, '2024-05-16 12:00:44'),
(107, 53, 4, 28, '2024-12-18 12:00:44'),
(108, 54, 4, 28, '2024-04-11 07:00:44'),
(109, 55, 4, 28, '2024-10-25 15:00:44'),
(110, 56, 4, 28, '2024-04-22 07:00:44'),
(111, 57, 4, 28, '2024-10-10 07:00:44'),
(112, 58, 4, 8, '2024-04-03 13:00:44'),
(113, 59, 4, 8, '2025-02-21 12:00:44'),
(114, 60, 4, 6, '2024-09-02 17:00:44'),
(115, 61, 4, 6, '2024-10-08 08:00:44'),
(119, 588, 4, 18, '2024-10-31 11:00:44'),
(120, 63, 4, 18, '2024-03-14 14:00:44'),
(121, 64, 4, 18, '2024-07-21 07:00:44'),
(122, 65, 4, 18, '2024-12-23 17:00:44'),
(123, 66, 4, 18, '2024-11-25 12:00:44'),
(124, 67, 4, 18, '2024-08-05 12:00:44'),
(125, 68, 4, 18, '2024-06-21 08:00:44'),
(126, 69, 4, 18, '2024-11-10 10:00:44'),
(135, 70, 1, 18, '2024-05-21 17:00:44'),
(136, 71, 1, 18, '2024-11-12 15:00:44'),
(137, 72, 1, 18, '2024-03-25 11:00:44'),
(138, 73, 1, 18, '2024-11-12 10:00:44'),
(139, 74, 1, 18, '2024-08-28 15:00:44'),
(140, 75, 1, 18, '2024-12-13 16:00:44'),
(141, 76, 1, 18, '2024-06-07 08:00:44'),
(142, 77, 4, 23, '2024-12-09 17:00:44'),
(143, 78, 4, 23, '2024-03-27 17:00:44'),
(144, 79, 4, 18, '2024-04-11 14:00:44'),
(145, 80, 4, 18, '2024-06-06 14:00:44'),
(146, 81, 4, 18, '2024-12-10 08:00:44'),
(147, 82, 4, 18, '2024-05-02 17:00:44'),
(148, 83, 4, 18, '2025-02-14 13:00:44'),
(149, 86, 7, 18, '2024-08-04 10:00:44'),
(150, 86, 8, 23, '2024-06-07 16:00:44'),
(151, 87, 7, 18, '2025-02-21 14:00:44'),
(152, 87, 8, 23, '2025-02-08 12:00:44'),
(153, 88, 7, 18, '2024-12-31 12:00:44'),
(154, 88, 8, 23, '2024-04-19 17:00:44'),
(155, 89, 7, 18, '2024-12-19 08:00:44'),
(156, 89, 8, 23, '2024-12-24 12:00:44'),
(157, 90, 7, 18, '2025-03-04 12:00:44'),
(158, 90, 8, 23, '2024-09-25 15:00:44'),
(176, 109, 1, 14, '2024-10-07 13:00:44'),
(177, 110, 1, 14, '2024-05-24 08:00:44'),
(178, 111, 1, 14, '2024-11-11 09:00:44'),
(179, 112, 1, 14, '2025-02-21 13:00:44'),
(180, 113, 1, 14, '2024-03-15 07:00:44'),
(181, 114, 1, 14, '2024-10-27 14:00:44'),
(182, 115, 1, 14, '2025-02-02 13:00:44'),
(183, 122, 4, 14, '2024-07-29 10:00:44'),
(184, 123, 4, 14, '2024-05-19 07:00:44'),
(185, 124, 4, 28, '2024-05-13 17:00:44'),
(186, 125, 4, 28, '2024-09-30 09:00:44'),
(187, 126, 4, 14, '2024-03-21 07:00:44'),
(188, 127, 4, 14, '2024-09-18 08:00:44'),
(189, 128, 4, 14, '2024-11-16 08:00:44'),
(190, 129, 4, 14, '2024-07-02 07:00:44'),
(191, 130, 4, 14, '2024-11-22 09:00:44'),
(192, 131, 4, 14, '2024-10-03 11:00:44'),
(230, 132, 1, 16, '2024-12-10 11:00:44'),
(231, 133, 1, 16, '2025-01-30 11:00:44'),
(232, 134, 1, 16, '2024-05-12 16:00:44'),
(233, 135, 1, 16, '2024-05-27 11:00:44'),
(234, 136, 1, 16, '2024-08-28 12:00:44'),
(235, 137, 1, 16, '2025-02-21 14:00:44'),
(236, 138, 1, 16, '2025-01-18 15:00:44'),
(237, 139, 1, 16, '2024-12-10 07:00:44'),
(238, 140, 1, 16, '2024-10-01 07:00:44'),
(239, 141, 4, 8, '2025-01-25 10:00:44'),
(240, 142, 4, 16, '2024-10-31 15:00:44'),
(241, 143, 4, 16, '2024-06-22 10:00:44'),
(242, 144, 4, 8, '2024-10-05 09:00:44'),
(243, 145, 4, 8, '2024-07-01 16:00:44'),
(244, 146, 4, 8, '2024-11-15 17:00:44'),
(245, 147, 4, 8, '2024-05-28 08:00:44'),
(246, 148, 4, 16, '2025-02-04 09:00:44'),
(247, 149, 4, 16, '2024-06-12 08:00:44'),
(248, 150, 4, 8, '2024-11-16 09:00:44'),
(249, 151, 4, 8, '2024-12-11 12:00:44'),
(250, 152, 4, 16, '2024-05-08 14:00:44'),
(251, 153, 4, 8, '2024-05-26 17:00:44'),
(252, 154, 4, 16, '2024-09-24 11:00:44'),
(253, 155, 4, 8, '2024-07-20 17:00:44'),
(254, 156, 7, 8, '2025-02-24 09:00:44'),
(255, 156, 8, 16, '2025-03-11 10:00:44'),
(256, 159, 2, 18, '2025-02-11 17:00:44'),
(257, 160, 2, 15, '2024-07-18 10:00:44'),
(258, 161, 2, 15, '2024-08-06 07:00:44'),
(259, 164, 9, 18, '2024-09-12 10:00:44'),
(260, 165, 9, 15, '2024-03-16 07:00:44'),
(261, 166, 9, 15, '2024-11-11 12:00:44'),
(262, 164, 10, 18, '2024-10-24 12:00:44'),
(263, 165, 10, 15, '2024-12-26 13:00:44'),
(264, 166, 10, 15, '2024-09-12 13:00:44'),
(265, 167, 2, 10, '2024-08-25 16:00:44'),
(266, 185, 2, 10, '2024-05-05 13:00:44'),
(267, 187, 2, 10, '2024-12-01 14:00:44'),
(268, 193, 2, 14, '2024-08-24 14:00:44'),
(269, 195, 2, 14, '2024-04-08 12:00:44'),
(270, 201, 2, 10, '2024-07-30 14:00:44'),
(271, 190, 5, NULL, '2025-02-18 08:00:44'),
(272, 191, 5, NULL, '2024-07-25 14:00:44'),
(273, 198, 5, NULL, '2024-10-22 17:00:44'),
(274, 199, 5, NULL, '2024-07-12 11:00:44'),
(275, 186, 5, 10, '2024-11-04 16:00:44'),
(276, 188, 5, 10, '2025-02-05 17:00:44'),
(277, 194, 5, 14, '2024-07-27 08:00:44'),
(278, 196, 5, 14, '2024-03-15 11:00:44'),
(279, 189, 5, 10, '2024-12-26 14:00:44'),
(280, 192, 5, 10, '2024-03-21 14:00:44'),
(281, 197, 5, 14, '2024-07-25 07:00:44'),
(282, 200, 5, 14, '2024-12-31 17:00:44'),
(283, 202, 2, 24, '2024-03-19 08:00:44'),
(284, 204, 2, 24, '2024-05-04 15:00:44'),
(285, 207, 2, 24, '2024-10-24 12:00:44'),
(286, 209, 2, 24, '2024-08-26 08:00:44'),
(287, 213, 2, 24, '2024-05-05 17:00:44'),
(288, 214, 2, 24, '2024-11-30 12:00:44'),
(289, 217, 2, 24, '2024-07-29 13:00:44'),
(290, 203, 5, 42, '2024-12-23 09:00:44'),
(291, 205, 5, 42, '2024-09-07 16:00:44'),
(292, 208, 5, 42, '2024-06-23 07:00:44'),
(293, 210, 5, 42, '2025-03-02 07:00:44'),
(294, 212, 5, 42, '2025-03-07 07:00:44'),
(295, 215, 5, 42, '2024-03-14 17:00:44'),
(296, 206, 9, 42, '2024-06-16 16:00:44'),
(297, 211, 9, 42, '2025-03-03 13:00:44'),
(298, 216, 9, 24, '2024-05-26 09:00:44'),
(299, 206, 10, 24, '2024-04-29 13:00:44'),
(300, 211, 10, 24, '2024-11-17 15:00:44'),
(301, 216, 10, 24, '2025-01-24 09:00:44'),
(302, 591, 2, NULL, '2024-08-07 17:00:44'),
(303, 92, 2, NULL, '2024-12-23 07:00:44'),
(304, 93, 2, NULL, '2024-06-10 12:00:44'),
(305, 94, 2, NULL, '2024-11-08 08:00:44'),
(306, 95, 2, NULL, '2024-07-15 16:00:44'),
(307, 96, 2, NULL, '2024-10-19 10:00:44'),
(308, 97, 2, NULL, '2024-08-20 15:00:44'),
(309, 98, 2, NULL, '2025-03-02 17:00:44'),
(310, 218, 2, 18, '2024-08-01 11:00:44'),
(311, 99, 2, 18, '2024-10-14 14:00:44'),
(312, 100, 5, NULL, '2025-01-14 12:00:44'),
(313, 101, 5, NULL, '2024-03-29 10:00:44'),
(314, 102, 5, NULL, '2024-07-09 11:00:44'),
(315, 103, 5, NULL, '2025-01-04 13:00:44'),
(316, 104, 5, NULL, '2024-10-12 10:00:44'),
(317, 105, 5, NULL, '2024-12-29 08:00:44'),
(318, 106, 5, NULL, '2025-02-26 15:00:44'),
(319, 107, 5, NULL, '2024-04-15 08:00:44'),
(320, 108, 5, NULL, '2024-05-09 16:00:44'),
(414, 219, 2, 15, '2024-12-07 09:00:44'),
(415, 239, 2, 15, '2024-12-11 13:00:44'),
(416, 240, 2, 15, '2024-10-24 07:00:44'),
(417, 241, 2, 15, '2024-03-22 15:00:44'),
(418, 242, 2, 15, '2025-02-28 15:00:44'),
(419, 243, 2, 15, '2024-05-16 15:00:44'),
(420, 244, 2, 15, '2024-11-25 09:00:44'),
(421, 257, 2, 15, '2025-01-08 09:00:44'),
(422, 245, 5, 15, '2024-08-07 10:00:44'),
(423, 246, 5, 15, '2024-06-22 14:00:44'),
(424, 247, 5, 15, '2024-11-11 13:00:44'),
(425, 248, 5, 15, '2024-06-06 08:00:44'),
(426, 249, 5, 15, '2024-09-06 07:00:44'),
(427, 250, 5, 15, '2024-05-14 17:00:44'),
(428, 251, 5, 15, '2025-02-07 14:00:44'),
(429, 252, 5, 15, '2024-12-07 08:00:44'),
(430, 253, 5, 15, '2025-01-26 07:00:44'),
(431, 254, 9, 15, '2024-03-21 14:00:44'),
(432, 255, 9, 15, '2024-10-24 17:00:44'),
(433, 256, 9, 15, '2024-09-30 12:00:44'),
(434, 254, 10, 15, '2025-03-08 14:00:44'),
(435, 255, 10, 15, '2025-01-07 17:00:44'),
(436, 256, 10, 15, '2024-12-22 09:00:44'),
(445, 258, 2, 6, '2024-08-14 08:00:44'),
(446, 259, 2, 6, '2024-04-07 09:00:44'),
(447, 264, 2, 6, '2024-10-01 12:00:44'),
(448, 265, 2, 6, '2025-02-18 16:00:44'),
(449, 269, 2, 6, '2025-01-29 17:00:44'),
(450, 260, 5, 6, '2024-08-06 07:00:44'),
(451, 261, 5, 6, '2024-11-22 11:00:44'),
(452, 266, 5, 6, '2024-11-18 09:00:44'),
(453, 267, 5, 6, '2024-12-20 11:00:44'),
(454, 270, 5, 6, '2024-10-07 16:00:44'),
(455, 262, 9, 6, '2025-02-06 16:00:44'),
(456, 263, 9, 6, '2024-04-20 17:00:44'),
(457, 268, 9, 6, '2025-02-09 13:00:44'),
(458, 271, 9, 6, '2024-08-20 08:00:44'),
(459, 272, 9, 6, '2024-05-05 17:00:44'),
(460, 273, 9, 6, '2025-02-01 15:00:44'),
(461, 262, 10, 6, '2024-11-11 12:00:44'),
(462, 263, 10, 6, '2024-11-23 08:00:44'),
(463, 268, 10, 6, '2024-07-14 17:00:44'),
(464, 271, 10, 6, '2024-05-04 11:00:44'),
(465, 272, 10, 6, '2024-12-03 09:00:44'),
(466, 273, 10, 6, '2024-09-30 12:00:44'),
(476, 274, 2, 18, '2025-03-09 13:00:44'),
(479, 275, 3, 55, '2025-01-30 14:00:44'),
(480, 276, 3, 55, '2025-03-07 07:00:44'),
(481, 280, 3, 55, '2024-12-17 17:00:44'),
(482, 281, 3, 55, '2024-12-09 10:00:44'),
(483, 285, 3, 55, '2024-06-24 14:00:44'),
(484, 286, 3, 55, '2024-11-29 10:00:44'),
(485, 290, 3, 55, '2024-04-17 11:00:44'),
(486, 291, 3, 55, '2024-08-27 10:00:44'),
(487, 277, 6, 55, '2025-01-25 13:00:44'),
(488, 278, 6, 55, '2024-09-03 16:00:44'),
(489, 282, 6, 55, '2024-06-20 07:00:44'),
(490, 283, 6, 55, '2025-02-16 08:00:44'),
(491, 287, 6, 55, '2024-06-23 07:00:44'),
(492, 288, 6, 55, '2024-03-13 16:00:44'),
(493, 292, 6, 55, '2024-09-24 13:00:44'),
(494, 293, 6, 55, '2024-05-25 07:00:44'),
(495, 279, 6, 55, '2024-03-31 12:00:44'),
(496, 284, 6, 55, '2024-05-18 12:00:44'),
(497, 289, 6, 55, '2024-03-22 11:00:44'),
(498, 294, 6, 55, '2025-02-12 08:00:44'),
(510, 295, 3, 16, '2024-07-07 16:00:44'),
(511, 297, 3, 15, '2025-01-05 11:00:44'),
(512, 299, 3, 15, '2024-11-19 11:00:44'),
(513, 301, 3, 16, '2024-12-14 16:00:44'),
(514, 308, 3, 16, '2024-06-06 08:00:44'),
(515, 298, 6, 15, '2024-11-06 10:00:44'),
(516, 302, 6, 16, '2024-07-17 09:00:44'),
(517, 305, 6, 15, '2024-12-02 13:00:44'),
(518, 306, 6, 15, '2024-11-15 14:00:44'),
(519, 309, 6, 16, '2024-08-11 15:00:44'),
(520, 296, 6, 16, '2025-01-11 12:00:44'),
(521, 300, 6, 15, '2024-05-08 15:00:44'),
(522, 303, 6, 15, '2024-08-24 10:00:44'),
(523, 304, 6, 15, '2024-05-22 08:00:44'),
(524, 307, 6, 15, '2024-11-17 08:00:44'),
(525, 310, 6, 16, '2024-06-22 09:00:44'),
(541, 311, 3, 14, '2024-05-19 12:00:44'),
(542, 313, 3, 14, '2024-04-03 09:00:44'),
(543, 316, 3, 10, '2024-09-07 15:00:44'),
(544, 318, 3, 10, '2024-12-21 16:00:44'),
(545, 321, 3, 10, '2024-08-03 12:00:44'),
(546, 323, 3, 10, '2024-09-15 07:00:44'),
(547, 326, 3, 38, '2024-05-29 15:00:44'),
(548, 328, 3, 38, '2024-09-08 09:00:44'),
(549, 312, 6, 14, '2024-09-02 17:00:44'),
(550, 314, 6, 14, '2024-10-28 16:00:44'),
(551, 317, 6, 10, '2024-11-22 16:00:44'),
(552, 319, 6, 10, '2024-10-21 10:00:44'),
(553, 322, 6, 10, '2024-07-20 08:00:44'),
(554, 324, 6, 10, '2024-07-03 07:00:44'),
(555, 327, 6, 38, '2024-11-23 09:00:44'),
(556, 329, 6, 38, '2024-09-28 11:00:44'),
(557, 315, 11, 14, '2024-04-27 07:00:44'),
(558, 320, 11, 10, '2024-09-07 12:00:44'),
(559, 325, 11, 10, '2024-05-25 13:00:44'),
(560, 330, 11, 38, '2024-08-30 16:00:44'),
(572, 331, 3, 10, '2024-04-12 16:00:44'),
(573, 333, 3, 10, '2024-08-24 08:00:44'),
(574, 342, 3, 14, '2025-01-10 10:00:44'),
(575, 344, 3, 10, '2024-12-15 08:00:44'),
(576, 332, 6, 10, '2024-03-21 12:00:44'),
(577, 334, 6, 10, '2024-10-30 11:00:44'),
(578, 335, 6, 14, '2025-02-01 09:00:44'),
(579, 337, 6, 14, '2024-06-09 08:00:44'),
(580, 339, 6, 10, '2024-11-02 11:00:44'),
(581, 340, 6, 10, '2024-03-28 13:00:44'),
(582, 343, 6, 14, '2024-04-12 16:00:44'),
(583, 345, 6, 10, '2024-05-29 09:00:44'),
(584, 336, 11, 14, '2024-07-04 15:00:44'),
(585, 338, 11, 10, '2024-03-31 10:00:44'),
(586, 341, 11, 10, '2024-05-24 07:00:44'),
(587, 346, 11, 10, '2024-07-20 08:00:44'),
(588, 347, 11, 14, '2024-03-16 11:00:44'),
(603, 348, 11, NULL, '2024-08-16 15:00:44'),
(604, 593, 11, NULL, '2025-03-11 15:00:44'),
(605, 350, 11, NULL, '2024-04-17 08:00:44'),
(606, 351, 11, NULL, '2025-02-09 17:00:44'),
(607, 352, 11, NULL, '2024-09-30 11:00:44'),
(608, 353, 11, NULL, '2024-06-28 10:00:44'),
(609, 354, 11, NULL, '2024-11-06 16:00:44'),
(610, 355, 11, NULL, '2025-01-10 10:00:44'),
(611, 356, 11, NULL, '2025-02-11 11:00:44'),
(612, 357, 11, NULL, '2024-03-27 12:00:44'),
(613, 358, 11, NULL, '2024-09-22 17:00:44'),
(618, 359, 2, 24, '2024-03-14 15:00:44'),
(619, 360, 2, 24, '2024-03-21 12:00:44'),
(620, 361, 2, 24, '2024-08-30 09:00:44'),
(621, 364, 2, 24, '2024-11-13 07:00:44'),
(622, 365, 2, 24, '2024-10-26 14:00:44'),
(623, 366, 2, 24, '2025-01-13 15:00:44'),
(624, 370, 2, 14, '2024-07-30 13:00:44'),
(625, 372, 2, 24, '2024-12-15 10:00:44'),
(626, 362, 9, 24, '2024-03-15 17:00:44'),
(627, 363, 9, 24, '2024-07-16 12:00:44'),
(628, 367, 9, 24, '2024-09-18 17:00:44'),
(629, 368, 9, 24, '2024-12-28 09:00:44'),
(630, 369, 9, 24, '2024-09-06 16:00:44'),
(631, 371, 9, 14, '2024-04-24 15:00:44'),
(632, 362, 10, 24, '2025-01-28 10:00:44'),
(633, 363, 10, 24, '2024-12-05 10:00:44'),
(634, 367, 10, 24, '2024-03-17 16:00:44'),
(635, 368, 10, 24, '2024-11-14 07:00:44'),
(636, 369, 10, 24, '2024-12-19 07:00:44'),
(637, 371, 10, 14, '2024-10-19 17:00:44'),
(649, 413, 2, 16, '2024-07-20 09:00:44'),
(650, 414, 2, 16, '2025-01-05 09:00:44'),
(651, 416, 2, 16, '2024-07-27 11:00:44'),
(652, 417, 2, 16, '2024-12-28 15:00:44'),
(653, 419, 2, 16, '2024-12-23 15:00:44'),
(654, 421, 2, 16, '2024-11-29 07:00:44'),
(655, 424, 2, 16, '2024-10-19 16:00:44'),
(656, 426, 2, 16, '2024-04-10 08:00:44'),
(657, 431, 2, 16, '2024-04-18 08:00:44'),
(658, 415, 5, 28, '2024-06-01 13:00:44'),
(659, 418, 5, 28, '2024-07-05 13:00:44'),
(660, 420, 5, 28, '2024-03-14 08:00:44'),
(661, 422, 5, 28, '2024-06-30 07:00:44'),
(662, 423, 5, 28, '2024-11-20 10:00:44'),
(663, 425, 5, 28, '2024-09-07 14:00:44'),
(664, 427, 5, 28, '2024-04-15 12:00:44'),
(665, 428, 5, 28, '2024-08-07 13:00:44'),
(666, 429, 5, 28, '2025-01-25 16:00:44'),
(667, 432, 5, 28, '2024-12-29 14:00:44'),
(668, 595, 9, NULL, '2024-10-02 11:00:44'),
(669, 595, 10, NULL, '2024-05-19 15:00:44'),
(680, 433, 2, 8, '2024-09-21 07:00:44'),
(681, 435, 2, 8, '2024-07-28 07:00:44'),
(682, 437, 2, 8, '2024-08-30 11:00:44'),
(683, 439, 2, 8, '2024-09-12 09:00:44'),
(684, 447, 2, 8, '2024-08-01 11:00:44'),
(685, 434, 5, 8, '2025-01-27 11:00:44'),
(686, 436, 5, 8, '2024-06-14 11:00:44'),
(687, 438, 5, 8, '2024-03-17 13:00:44'),
(688, 440, 5, 8, '2025-02-15 12:00:44'),
(689, 441, 9, 28, '2024-10-25 10:00:44'),
(690, 442, 9, 28, '2024-08-16 16:00:44'),
(691, 443, 9, 28, '2024-10-12 13:00:44'),
(692, 444, 9, 28, '2024-07-05 14:00:44'),
(693, 445, 9, 28, '2024-11-25 11:00:44'),
(694, 446, 9, 28, '2024-11-04 11:00:44'),
(695, 441, 10, 44, '2025-03-02 16:00:44'),
(696, 442, 10, 44, '2024-11-14 17:00:44'),
(697, 443, 10, 44, '2024-04-24 12:00:44'),
(698, 444, 10, 44, '2024-05-18 13:00:44'),
(699, 445, 10, 44, '2024-08-18 17:00:44'),
(700, 446, 10, 44, '2024-11-15 13:00:44'),
(711, 448, 2, 15, '2024-03-20 08:00:44'),
(712, 449, 2, 15, '2024-06-28 08:00:44'),
(713, 450, 5, 15, '2024-08-18 11:00:44'),
(714, 451, 5, 15, '2024-11-11 11:00:44'),
(715, 452, 5, 15, '2024-12-25 14:00:44'),
(716, 453, 5, 15, '2024-03-19 15:00:44'),
(717, 454, 5, 15, '2024-06-19 11:00:44'),
(726, 456, 2, 8, '2025-03-09 14:00:44'),
(727, 457, 2, 8, '2024-08-26 13:00:44'),
(728, 459, 2, 8, '2024-12-21 11:00:44'),
(729, 461, 2, 8, '2024-11-13 11:00:44'),
(730, 463, 2, 8, '2025-01-05 13:00:44'),
(731, 465, 2, 56, '2024-09-22 12:00:44'),
(732, 471, 2, 56, '2024-12-09 14:00:44'),
(733, 472, 2, 56, '2024-08-10 17:00:44'),
(734, 458, 5, 8, '2024-05-12 11:00:44'),
(735, 460, 5, 8, '2024-08-26 12:00:44'),
(736, 462, 5, 8, '2024-06-10 10:00:44'),
(737, 464, 5, 8, '2024-10-15 07:00:44'),
(738, 466, 5, 56, '2024-04-18 11:00:44'),
(739, 467, 5, 56, '2024-10-21 14:00:44'),
(740, 468, 5, 8, '2024-11-20 11:00:44'),
(741, 469, 5, 56, '2024-11-27 08:00:44'),
(742, 470, 5, 56, '2024-06-30 08:00:44'),
(757, 473, 2, 14, '2024-07-23 15:00:44'),
(758, 474, 2, 14, '2024-06-07 13:00:44'),
(759, 476, 2, 14, '2024-06-27 15:00:44'),
(760, 477, 2, 14, '2024-08-23 13:00:44'),
(761, 478, 2, 14, '2025-02-02 16:00:44'),
(762, 479, 2, 14, '2024-03-15 11:00:44'),
(763, 485, 2, 14, '2024-04-20 10:00:44'),
(764, 486, 2, 14, '2025-02-26 08:00:44'),
(765, 475, 5, 14, '2024-07-20 15:00:44'),
(766, 480, 5, 14, '2024-05-09 17:00:44'),
(767, 481, 5, 14, '2024-12-29 08:00:44'),
(768, 482, 5, 14, '2025-01-07 11:00:44'),
(769, 483, 5, 14, '2024-09-05 10:00:44'),
(770, 484, 5, 14, '2025-01-12 15:00:44'),
(772, 487, 2, 16, '2024-10-17 14:00:44'),
(773, 488, 2, 16, '2025-01-21 14:00:44'),
(774, 490, 2, 16, '2024-03-18 16:00:44'),
(775, 491, 2, 16, '2024-10-04 12:00:44'),
(776, 493, 2, 16, '2024-10-19 10:00:44'),
(777, 494, 2, 16, '2024-08-24 14:00:44'),
(778, 496, 2, 16, '2024-05-19 17:00:44'),
(779, 497, 2, 16, '2024-09-04 13:00:44'),
(780, 499, 2, 16, '2024-09-16 13:00:44'),
(781, 500, 2, 16, '2024-09-03 15:00:44'),
(782, 489, 5, 57, '2024-09-01 08:00:44'),
(783, 492, 5, 57, '2024-12-05 16:00:44'),
(784, 495, 5, 57, '2024-11-19 07:00:44'),
(785, 498, 5, 57, '2024-09-21 08:00:44'),
(786, 501, 5, 57, '2025-01-18 11:00:44'),
(787, 502, 5, 57, '2024-09-17 09:00:44'),
(788, 503, 5, 57, '2024-05-03 12:00:44'),
(789, 504, 5, 57, '2024-04-19 17:00:44'),
(790, 505, 5, 57, '2024-11-20 12:00:44'),
(791, 506, 9, 16, '2024-06-23 17:00:44'),
(792, 506, 10, 57, '2024-05-06 09:00:44'),
(803, 507, 1, 15, '2024-07-20 12:00:44'),
(804, 509, 1, 15, '2024-08-11 11:00:44'),
(805, 511, 1, 15, '2024-12-07 07:00:44'),
(806, 514, 1, 15, '2024-07-18 17:00:44'),
(807, 516, 1, 15, '2024-03-17 17:00:44'),
(808, 518, 1, 15, '2024-05-07 10:00:44'),
(809, 520, 1, 15, '2024-12-23 07:00:44'),
(810, 508, 4, 15, '2024-09-23 09:00:44'),
(811, 510, 4, 15, '2024-05-07 12:00:44'),
(812, 512, 4, 15, '2024-04-18 07:00:44'),
(813, 515, 4, 15, '2024-10-15 17:00:44'),
(814, 517, 4, 15, '2024-07-29 09:00:44'),
(815, 519, 4, 15, '2025-02-10 16:00:44'),
(816, 521, 4, 15, '2024-03-24 10:00:44'),
(817, 524, 4, 15, '2024-07-27 09:00:44'),
(818, 526, 4, 15, '2025-01-24 07:00:44'),
(819, 513, 7, 12, '2024-05-27 16:00:44'),
(820, 522, 7, 12, '2024-05-03 15:00:44'),
(821, 523, 7, 12, '2025-01-11 13:00:44'),
(822, 525, 7, 12, '2024-11-02 07:00:44'),
(823, 513, 8, 15, '2024-11-29 09:00:44'),
(824, 522, 8, 15, '2025-01-23 07:00:44'),
(825, 523, 8, 15, '2024-04-04 12:00:44'),
(826, 525, 8, 15, '2024-08-10 12:00:44'),
(834, 549, 1, 16, '2024-07-13 16:00:44'),
(835, 551, 1, 16, '2024-11-26 16:00:44'),
(836, 553, 1, 16, '2024-08-26 07:00:44'),
(837, 555, 1, 16, '2024-07-10 08:00:44'),
(838, 558, 1, 16, '2024-05-12 14:00:44'),
(839, 560, 1, 16, '2024-06-05 16:00:44'),
(840, 562, 1, 16, '2025-02-24 13:00:44'),
(841, 563, 1, 16, '2024-04-21 13:00:44'),
(842, 566, 1, 16, '2024-09-14 13:00:44'),
(843, 550, 4, 28, '2024-11-19 16:00:44'),
(844, 552, 4, 28, '2024-10-05 12:00:44'),
(845, 554, 4, 28, '2024-10-11 11:00:44'),
(846, 556, 4, 28, '2024-03-22 12:00:44'),
(847, 559, 4, 28, '2024-06-27 17:00:44'),
(848, 561, 4, 28, '2024-07-15 11:00:44'),
(849, 564, 4, 28, '2025-01-26 10:00:44'),
(850, 565, 4, 28, '2024-10-11 17:00:44'),
(851, 567, 4, 28, '2024-06-13 14:00:44'),
(852, 568, 4, 28, '2024-10-16 16:00:44'),
(853, 557, 7, 28, '2024-04-03 09:00:44'),
(854, 569, 7, 28, '2025-01-04 10:00:44'),
(855, 570, 7, 28, '2024-03-13 07:00:44'),
(856, 557, 8, 28, '2024-11-30 09:00:44'),
(857, 569, 8, 28, '2024-11-16 16:00:44'),
(858, 570, 8, 28, '2024-09-07 16:00:44'),
(862, 571, 1, 19, '2024-05-30 17:00:44'),
(895, 595, 5, 28, '2025-03-05 11:00:44'),
(896, 428, 9, NULL, '2024-10-21 13:00:44'),
(897, 428, 10, NULL, '2025-02-08 15:00:44'),
(898, 503, 9, NULL, '2024-04-27 12:00:44'),
(899, 503, 10, NULL, '2024-06-09 11:00:44'),
(900, 572, 2, NULL, '2024-09-16 14:00:44'),
(901, 573, 2, NULL, '2024-04-09 13:00:44'),
(902, 590, 2, NULL, '2025-01-19 17:00:44'),
(903, 581, 5, NULL, '2024-05-18 12:00:44'),
(904, 580, 5, NULL, '2024-04-17 08:00:44'),
(905, 574, 2, NULL, '2024-10-21 07:00:44'),
(906, 589, 5, NULL, '2024-06-02 13:00:44'),
(985, 677, 1, 6, '2024-03-11 09:00:44'),
(986, 676, 1, 6, '2025-01-15 07:00:44'),
(987, 675, 1, 18, '2024-05-02 08:00:44'),
(988, 674, 1, 18, '2024-04-06 10:00:44'),
(989, 681, 4, 6, '2024-04-05 13:00:44'),
(990, 680, 4, 18, '2024-11-15 14:00:44'),
(991, 679, 4, 6, '2024-07-06 09:00:44'),
(992, 678, 4, 6, '2025-02-23 13:00:44'),
(993, 688, 7, 6, '2024-06-16 17:00:44'),
(994, 687, 7, 6, '2024-08-26 16:00:44'),
(995, 686, 7, 6, '2024-07-11 15:00:44'),
(996, 685, 7, 6, '2024-05-24 14:00:44'),
(997, 684, 7, 6, '2025-01-15 13:00:44'),
(998, 683, 7, 6, '2024-07-09 12:00:44'),
(999, 682, 7, 6, '2024-10-10 13:00:44'),
(1000, 688, 8, 6, '2024-04-29 12:00:44'),
(1001, 687, 8, 18, '2024-06-30 08:00:44'),
(1002, 686, 8, 18, '2024-10-11 15:00:44'),
(1003, 685, 8, 18, '2024-07-24 16:00:44'),
(1004, 684, 8, 15, '2024-12-14 14:00:44'),
(1005, 683, 8, 15, '2024-05-07 07:00:44'),
(1006, 682, 8, 15, '2024-04-17 09:00:44'),
(1016, 689, 1, 14, '2024-09-19 14:00:44'),
(1019, 690, 4, 14, '2024-11-30 08:00:44'),
(1031, 62, 4, NULL, '2024-08-29 15:00:44'),
(1032, 585, 4, NULL, '2024-09-21 16:00:44'),
(1033, 584, 4, NULL, '2025-02-04 15:00:44'),
(1034, 50, 4, NULL, '2024-08-04 14:00:44'),
(1035, 51, 4, NULL, '2024-08-28 14:00:44'),
(1036, 583, 4, NULL, '2024-05-30 16:00:44'),
(1037, 582, 4, NULL, '2025-03-11 11:00:44'),
(1038, 596, 9, 28, '2024-08-01 08:00:44'),
(1039, 430, 9, NULL, '2024-06-07 11:00:44'),
(1040, 596, 10, 28, '2024-03-19 12:00:44'),
(1041, 430, 10, NULL, '2024-06-15 07:00:44'),
(1042, 597, 9, NULL, '2024-03-13 15:00:44'),
(1043, 597, 10, NULL, '2024-05-21 15:00:44'),
(1044, 91, 2, NULL, '2024-12-23 15:00:44'),
(1045, 14, 9, NULL, '2024-04-22 08:00:44'),
(1046, 20, 9, NULL, '2024-04-23 07:00:44'),
(1047, 14, 10, NULL, '2024-11-10 11:00:44'),
(1048, 20, 10, NULL, '2025-02-18 07:00:44'),
(1049, 592, 2, NULL, '2025-01-04 13:00:44'),
(1050, 594, 11, NULL, '2025-01-31 11:00:44'),
(1051, 349, 11, NULL, '2024-09-04 12:00:44'),
(1346, 794, 1, 14, NULL),
(1349, 795, 1, 14, NULL),
(1352, 796, 1, 14, NULL),
(1355, 797, 4, 14, NULL),
(1358, 798, 4, 14, NULL),
(1361, 799, 4, 14, NULL),
(1364, 800, 4, 14, NULL),
(1367, 801, 4, 14, NULL),
(1370, 802, 4, 14, NULL),
(1373, 804, 7, 28, NULL),
(1374, 804, 8, 28, NULL),
(1376, 805, 7, 28, NULL),
(1377, 805, 8, 28, NULL),
(1379, 806, 7, 28, NULL),
(1380, 806, 8, 28, NULL),
(1382, 807, 7, 28, NULL),
(1383, 807, 8, 28, NULL),
(1385, 808, 7, 28, NULL),
(1386, 808, 8, 28, NULL),
(1388, 809, 7, 14, NULL),
(1389, 809, 8, 14, NULL),
(1391, 811, 1, 14, NULL);

-- --------------------------------------------------------

--
-- Structure de la table `ETU_classical_evaluation`
--

CREATE TABLE `ETU_classical_evaluation` (
  `id_classical_evaluation` int NOT NULL,
  `id_etudiant` int NOT NULL,
  `id_evaluation_type` int NOT NULL,
  `evaluation` int NOT NULL,
  `date` datetime NOT NULL,
  `id_module` int NOT NULL
) ENGINE=InnoDB DEFAULT CHARSET=utf8mb4 COLLATE=utf8mb4_0900_ai_ci;

--
-- Déchargement des données de la table `ETU_classical_evaluation`
--

INSERT INTO `ETU_classical_evaluation` (`id_classical_evaluation`, `id_etudiant`, `id_evaluation_type`, `evaluation`, `date`, `id_module`) VALUES
(7, 15, 1, 6, '2025-03-25 00:00:00', 78),
(8, 25, 1, 17, '2025-03-25 00:00:00', 78),
(9, 38, 1, 7, '2025-03-25 00:00:00', 78),
(10, 44, 1, 7, '2025-03-25 00:00:00', 78),
(11, 63, 1, 12, '2025-03-25 00:00:00', 78),
(12, 75, 1, 1, '2025-03-25 00:00:00', 78),
(13, 79, 1, 8, '2025-03-25 00:00:00', 78),
(14, 96, 1, 19, '2025-03-25 00:00:00', 78),
(15, 115, 1, 10, '2025-03-25 00:00:00', 78),
(16, 122, 1, 16, '2025-03-25 00:00:00', 78),
(17, 140, 1, 8, '2025-03-25 00:00:00', 78),
(18, 146, 1, 12, '2025-03-25 00:00:00', 78),
(19, 175, 1, 15, '2025-03-25 00:00:00', 78),
(20, 185, 1, 3, '2025-03-25 00:00:00', 78),
(21, 194, 1, 9, '2025-03-25 00:00:00', 78),
(22, 217, 1, 16, '2025-03-25 00:00:00', 78),
(23, 220, 1, 16, '2025-03-25 00:00:00', 78),
(24, 227, 1, 11, '2025-03-25 00:00:00', 78),
(25, 238, 1, 7, '2025-03-25 00:00:00', 78),
(26, 270, 1, 3, '2025-03-25 00:00:00', 78),
(27, 284, 1, 14, '2025-03-25 00:00:00', 78),
(28, 287, 1, 2, '2025-03-25 00:00:00', 78),
(29, 304, 1, 10, '2025-03-25 00:00:00', 78),
(30, 314, 1, 5, '2025-03-25 00:00:00', 78),
(31, 342, 1, 16, '2025-03-25 00:00:00', 78),
(32, 352, 1, 6, '2025-03-25 00:00:00', 78),
(33, 424, 1, 0, '2025-03-25 00:00:00', 78),
(34, 433, 1, 4, '2025-03-25 00:00:00', 78),
(35, 474, 1, 18, '2025-03-25 00:00:00', 78),
(36, 479, 1, 0, '2025-03-25 00:00:00', 78),
(37, 482, 1, 8, '2025-03-25 00:00:00', 78),
(38, 490, 1, 1, '2025-03-25 00:00:00', 78),
(39, 493, 1, 1, '2025-03-25 00:00:00', 78),
(40, 496, 1, 3, '2025-03-25 00:00:00', 78),
(41, 516, 1, 12, '2025-03-25 00:00:00', 78),
(42, 529, 1, 12, '2025-03-25 00:00:00', 78),
(70, 15, 1, 9, '2025-04-10 00:00:00', 78),
(71, 25, 1, 10, '2025-04-10 00:00:00', 78),
(72, 38, 1, 5, '2025-04-10 00:00:00', 78),
(73, 44, 1, 16, '2025-04-10 00:00:00', 78),
(74, 63, 1, 6, '2025-04-10 00:00:00', 78),
(75, 75, 1, 4, '2025-04-10 00:00:00', 78),
(76, 79, 1, 19, '2025-04-10 00:00:00', 78),
(77, 96, 1, 7, '2025-04-10 00:00:00', 78),
(78, 115, 1, 16, '2025-04-10 00:00:00', 78),
(79, 122, 1, 19, '2025-04-10 00:00:00', 78),
(80, 140, 1, 9, '2025-04-10 00:00:00', 78),
(81, 146, 1, 10, '2025-04-10 00:00:00', 78),
(82, 175, 1, 3, '2025-04-10 00:00:00', 78),
(83, 185, 1, 3, '2025-04-10 00:00:00', 78),
(84, 194, 1, 9, '2025-04-10 00:00:00', 78),
(85, 217, 1, 16, '2025-04-10 00:00:00', 78),
(86, 220, 1, 15, '2025-04-10 00:00:00', 78),
(87, 227, 1, 7, '2025-04-10 00:00:00', 78),
(88, 238, 1, 11, '2025-04-10 00:00:00', 78),
(89, 270, 1, 15, '2025-04-10 00:00:00', 78),
(90, 284, 1, 4, '2025-04-10 00:00:00', 78),
(91, 287, 1, 13, '2025-04-10 00:00:00', 78),
(92, 304, 1, 13, '2025-04-10 00:00:00', 78),
(93, 314, 1, 6, '2025-04-10 00:00:00', 78),
(94, 342, 1, 11, '2025-04-10 00:00:00', 78),
(95, 352, 1, 17, '2025-04-10 00:00:00', 78),
(96, 424, 1, 12, '2025-04-10 00:00:00', 78),
(97, 433, 1, 9, '2025-04-10 00:00:00', 78),
(98, 474, 1, 9, '2025-04-10 00:00:00', 78),
(99, 479, 1, 0, '2025-04-10 00:00:00', 78),
(100, 482, 1, 13, '2025-04-10 00:00:00', 78),
(101, 490, 1, 7, '2025-04-10 00:00:00', 78),
(102, 493, 1, 14, '2025-04-10 00:00:00', 78),
(103, 496, 1, 9, '2025-04-10 00:00:00', 78),
(104, 516, 1, 6, '2025-04-10 00:00:00', 78),
(105, 529, 1, 3, '2025-04-10 00:00:00', 78),
(133, 15, 1, 11, '2025-05-08 00:00:00', 78),
(134, 25, 1, 9, '2025-05-08 00:00:00', 78),
(135, 38, 1, 11, '2025-05-08 00:00:00', 78),
(136, 44, 1, 12, '2025-05-08 00:00:00', 78),
(137, 63, 1, 5, '2025-05-08 00:00:00', 78),
(138, 75, 1, 9, '2025-05-08 00:00:00', 78),
(139, 79, 1, 10, '2025-05-08 00:00:00', 78),
(140, 96, 1, 5, '2025-05-08 00:00:00', 78),
(141, 115, 1, 17, '2025-05-08 00:00:00', 78),
(142, 122, 1, 10, '2025-05-08 00:00:00', 78),
(143, 140, 1, 0, '2025-05-08 00:00:00', 78),
(144, 146, 1, 10, '2025-05-08 00:00:00', 78),
(145, 175, 1, 10, '2025-05-08 00:00:00', 78),
(146, 185, 1, 0, '2025-05-08 00:00:00', 78),
(147, 194, 1, 11, '2025-05-08 00:00:00', 78),
(148, 217, 1, 14, '2025-05-08 00:00:00', 78),
(149, 220, 1, 19, '2025-05-08 00:00:00', 78),
(150, 227, 1, 13, '2025-05-08 00:00:00', 78),
(151, 238, 1, 8, '2025-05-08 00:00:00', 78),
(152, 270, 1, 2, '2025-05-08 00:00:00', 78),
(153, 284, 1, 4, '2025-05-08 00:00:00', 78),
(154, 287, 1, 18, '2025-05-08 00:00:00', 78),
(155, 304, 1, 19, '2025-05-08 00:00:00', 78),
(156, 314, 1, 19, '2025-05-08 00:00:00', 78),
(157, 342, 1, 18, '2025-05-08 00:00:00', 78),
(158, 352, 1, 15, '2025-05-08 00:00:00', 78),
(159, 424, 1, 1, '2025-05-08 00:00:00', 78),
(160, 433, 1, 2, '2025-05-08 00:00:00', 78),
(161, 474, 1, 6, '2025-05-08 00:00:00', 78),
(162, 479, 1, 4, '2025-05-08 00:00:00', 78),
(163, 482, 1, 4, '2025-05-08 00:00:00', 78),
(164, 490, 1, 10, '2025-05-08 00:00:00', 78),
(165, 493, 1, 16, '2025-05-08 00:00:00', 78),
(166, 496, 1, 9, '2025-05-08 00:00:00', 78),
(167, 516, 1, 0, '2025-05-08 00:00:00', 78),
(168, 529, 1, 14, '2025-05-08 00:00:00', 78);

-- --------------------------------------------------------

--
-- Structure de la table `ETU_competence_evaluation`
--

CREATE TABLE `ETU_competence_evaluation` (
  `id_competence_evaluation` int NOT NULL,
  `id_etudiant` int NOT NULL,
  `id_apprentissage_critique` int NOT NULL,
  `id_evaluation_type` int NOT NULL,
  `evaluation` varchar(15) NOT NULL,
  `date` datetime NOT NULL
) ENGINE=InnoDB DEFAULT CHARSET=utf8mb4 COLLATE=utf8mb4_0900_ai_ci;

--
-- Déchargement des données de la table `ETU_competence_evaluation`
--

INSERT INTO `ETU_competence_evaluation` (`id_competence_evaluation`, `id_etudiant`, `id_apprentissage_critique`, `id_evaluation_type`, `evaluation`, `date`) VALUES
(6, 471, 37, 8, '0', '2023-12-02 15:00:00'),
(8, 353, 1, 8, '2', '2022-11-08 13:00:00'),
(13, 30, 1, 8, '0', '2023-05-04 14:00:00'),
(14, 471, 54, 8, '0', '2024-10-12 15:00:00'),
(24, 189, 54, 8, '1', '2023-07-06 13:00:00'),
(26, 419, 35, 8, '1', '2022-12-05 11:00:00'),
(27, 38, 35, 8, '0', '2024-02-28 12:00:00'),
(31, 113, 35, 8, '0', '2021-04-09 14:00:00'),
(39, 189, 55, 8, '0', '2024-05-18 15:00:00'),
(46, 65, 35, 8, '1', '2023-01-08 16:00:00'),
(47, 113, 1, 8, '3', '2024-04-10 11:00:00'),
(50, 287, 35, 8, '3', '2021-12-01 16:00:00'),
(51, 185, 35, 8, '3', '2023-06-04 08:00:00'),
(54, 352, 52, 8, '0', '2023-11-07 15:00:00'),
(59, 303, 1, 8, '3', '2024-07-20 09:00:00'),
(64, 98, 4, 8, '0', '2023-06-01 11:00:00'),
(65, 262, 1, 8, '3', '2022-06-23 12:00:00'),
(81, 30, 35, 8, '2', '2023-07-22 10:00:00'),
(82, 98, 1, 8, '0', '2024-08-29 10:00:00'),
(87, 387, 35, 8, '3', '2024-12-08 15:00:00'),
(88, 98, 1, 8, '2', '2023-09-19 10:00:00'),
(89, 262, 35, 8, '0', '2021-09-04 16:00:00'),
(97, 387, 35, 8, '3', '2023-07-19 12:00:00'),
(100, 189, 1, 8, '1', '2023-06-23 14:00:00'),
(103, 342, 35, 8, '2', '2024-06-12 11:00:00'),
(105, 493, 1, 8, '0', '2023-04-21 15:00:00'),
(110, 232, 1, 8, '1', '2024-10-09 14:00:00'),
(113, 121, 35, 8, '0', '2023-05-04 17:00:00'),
(121, 232, 35, 8, '1', '2024-10-07 14:00:00'),
(125, 471, 36, 8, '3', '2022-06-08 10:00:00'),
(126, 189, 53, 8, '0', '2023-04-09 16:00:00'),
(131, 529, 1, 8, '3', '2022-07-26 15:00:00'),
(134, 98, 53, 8, '2', '2021-06-26 15:00:00'),
(136, 342, 35, 8, '0', '2022-09-03 15:00:00'),
(144, 65, 35, 8, '3', '2023-11-19 11:00:00'),
(147, 352, 54, 8, '0', '2022-12-31 12:00:00'),
(154, 529, 1, 8, '2', '2023-07-12 10:00:00'),
(155, 75, 1, 8, '2', '2023-10-05 17:00:00'),
(157, 76, 55, 8, '1', '2025-01-31 10:00:00'),
(158, 189, 1, 8, '0', '2024-11-28 12:00:00'),
(160, 262, 35, 8, '3', '2022-09-30 10:00:00'),
(170, 76, 55, 8, '2', '2024-07-23 15:00:00'),
(173, 98, 37, 8, '0', '2025-01-30 12:00:00'),
(176, 79, 35, 8, '0', '2024-10-09 15:00:00'),
(177, 471, 1, 8, '3', '2023-05-24 09:00:00'),
(204, 50, 35, 8, '3', '2022-08-19 14:00:00'),
(213, 527, 35, 8, '0', '2025-02-27 08:00:00'),
(214, 360, 35, 8, '1', '2023-10-05 11:00:00'),
(224, 471, 37, 8, '3', '2023-06-02 17:00:00'),
(226, 189, 52, 8, '0', '2024-12-12 17:00:00'),
(230, 471, 4, 8, '0', '2023-02-24 15:00:00'),
(232, 122, 1, 8, '0', '2025-02-19 09:00:00'),
(233, 189, 38, 8, '1', '2024-04-26 16:00:00'),
(234, 255, 1, 8, '2', '2022-10-20 09:00:00'),
(239, 356, 1, 8, '2', '2024-08-14 12:00:00'),
(245, 76, 37, 8, '3', '2022-12-31 09:00:00'),
(249, 189, 4, 8, '1', '2024-06-13 14:00:00'),
(251, 224, 35, 8, '0', '2023-04-01 17:00:00'),
(269, 44, 35, 8, '2', '2025-02-17 10:00:00'),
(273, 374, 35, 8, '3', '2023-09-17 14:00:00'),
(278, 44, 35, 8, '2', '2023-10-01 17:00:00'),
(285, 516, 35, 8, '0', '2023-05-02 13:00:00'),
(287, 524, 1, 8, '0', '2025-02-07 10:00:00'),
(290, 185, 35, 8, '0', '2025-01-06 14:00:00'),
(291, 412, 1, 8, '2', '2024-01-01 09:00:00'),
(294, 352, 1, 8, '2', '2022-10-20 08:00:00'),
(300, 121, 1, 8, '0', '2023-02-19 08:00:00'),
(304, 98, 4, 8, '2', '2024-12-09 09:00:00'),
(306, 98, 38, 8, '0', '2022-11-12 14:00:00'),
(308, 312, 35, 8, '0', '2022-12-28 14:00:00'),
(315, 412, 35, 8, '0', '2023-01-08 13:00:00'),
(320, 122, 1, 8, '0', '2023-04-22 17:00:00'),
(323, 352, 55, 8, '3', '2023-11-23 10:00:00'),
(339, 419, 1, 8, '3', '2023-05-10 16:00:00'),
(347, 189, 1, 8, '0', '2022-09-12 11:00:00'),
(350, 232, 35, 8, '3', '2021-11-28 12:00:00'),
(375, 493, 35, 8, '3', '2022-10-28 12:00:00'),
(379, 121, 1, 8, '0', '2024-04-29 10:00:00'),
(394, 305, 35, 8, '3', '2021-03-28 08:00:00'),
(401, 76, 37, 8, '0', '2022-05-07 15:00:00'),
(402, 305, 1, 8, '1', '2021-04-22 13:00:00'),
(404, 76, 35, 8, '2', '2024-02-10 11:00:00'),
(409, 185, 35, 8, '3', '2024-02-01 11:00:00'),
(410, 284, 1, 8, '1', '2022-05-06 11:00:00'),
(420, 76, 53, 8, '1', '2021-08-27 09:00:00'),
(421, 360, 1, 8, '3', '2023-07-26 10:00:00'),
(423, 353, 1, 8, '2', '2023-11-03 13:00:00'),
(428, 76, 36, 8, '0', '2021-12-07 13:00:00'),
(433, 185, 1, 8, '2', '2023-08-11 10:00:00'),
(435, 415, 1, 8, '2', '2024-04-09 11:00:00'),
(437, 471, 55, 8, '0', '2021-08-20 16:00:00'),
(443, 98, 54, 8, '1', '2023-11-20 14:00:00'),
(444, 471, 53, 8, '1', '2023-04-18 10:00:00'),
(446, 38, 1, 8, '0', '2022-03-02 13:00:00'),
(448, 116, 35, 8, '0', '2024-12-15 15:00:00'),
(458, 352, 1, 8, '0', '2024-03-29 13:00:00'),
(463, 471, 55, 8, '2', '2022-07-13 15:00:00'),
(470, 524, 1, 8, '0', '2022-09-30 11:00:00'),
(472, 255, 35, 8, '2', '2024-08-17 11:00:00'),
(491, 164, 1, 8, '1', '2022-03-26 13:00:00'),
(492, 527, 1, 8, '3', '2023-05-09 09:00:00'),
(494, 352, 38, 8, '0', '2022-08-06 11:00:00'),
(498, 323, 35, 8, '0', '2023-01-15 15:00:00'),
(501, 412, 35, 8, '1', '2022-11-18 11:00:00'),
(502, 76, 53, 8, '1', '2022-09-16 15:00:00'),
(506, 352, 36, 8, '2', '2023-10-24 13:00:00'),
(507, 284, 1, 8, '0', '2023-10-08 16:00:00'),
(512, 98, 38, 8, '0', '2023-05-17 11:00:00'),
(515, 185, 1, 8, '3', '2021-04-15 15:00:00'),
(516, 175, 1, 8, '0', '2022-05-15 14:00:00'),
(517, 352, 1, 8, '3', '2022-09-08 14:00:00'),
(526, 471, 1, 8, '1', '2023-02-03 09:00:00'),
(533, 76, 37, 8, '0', '2023-06-06 15:00:00'),
(536, 113, 1, 8, '1', '2025-03-06 09:00:00'),
(546, 113, 1, 8, '2', '2024-06-25 11:00:00'),
(555, 272, 35, 8, '2', '2021-08-21 16:00:00'),
(563, 352, 35, 8, '3', '2024-02-01 14:00:00'),
(565, 76, 35, 8, '3', '2024-10-30 14:00:00'),
(569, 512, 1, 8, '1', '2022-09-24 16:00:00'),
(578, 158, 35, 8, '3', '2022-01-12 15:00:00'),
(584, 189, 38, 8, '0', '2022-10-07 13:00:00'),
(591, 38, 1, 8, '0', '2021-12-21 11:00:00'),
(593, 98, 53, 8, '2', '2022-07-04 16:00:00'),
(594, 75, 35, 8, '1', '2023-09-17 11:00:00'),
(598, 272, 35, 8, '1', '2023-01-13 13:00:00'),
(601, 512, 35, 8, '1', '2023-11-03 15:00:00'),
(606, 516, 1, 8, '2', '2021-07-09 15:00:00'),
(608, 223, 35, 8, '3', '2021-07-02 15:00:00'),
(611, 471, 36, 8, '3', '2024-09-06 11:00:00'),
(613, 189, 4, 8, '1', '2024-11-14 11:00:00'),
(621, 284, 35, 8, '2', '2024-06-18 12:00:00'),
(628, 255, 35, 8, '2', '2024-02-11 10:00:00'),
(629, 98, 37, 8, '1', '2021-08-17 09:00:00'),
(635, 221, 35, 8, '1', '2022-05-24 12:00:00'),
(640, 352, 55, 8, '0', '2023-03-02 09:00:00'),
(650, 323, 35, 8, '1', '2022-11-27 13:00:00'),
(654, 189, 55, 8, '2', '2024-06-04 13:00:00'),
(664, 471, 54, 8, '3', '2023-09-13 16:00:00'),
(675, 189, 38, 8, '1', '2021-05-27 08:00:00'),
(679, 305, 35, 8, '2', '2023-04-27 11:00:00'),
(682, 512, 35, 8, '2', '2023-12-02 14:00:00'),
(683, 284, 35, 8, '1', '2022-06-03 14:00:00'),
(685, 79, 1, 8, '1', '2022-04-29 08:00:00'),
(689, 284, 1, 8, '0', '2023-05-12 10:00:00'),
(703, 272, 1, 8, '0', '2023-09-17 12:00:00'),
(713, 227, 1, 8, '3', '2025-01-12 12:00:00'),
(714, 529, 35, 8, '2', '2022-03-22 08:00:00'),
(716, 498, 1, 8, '2', '2022-05-25 17:00:00'),
(717, 113, 35, 8, '1', '2022-05-27 11:00:00'),
(718, 164, 1, 8, '3', '2022-01-29 17:00:00'),
(721, 189, 4, 8, '2', '2023-04-08 13:00:00'),
(722, 227, 1, 8, '1', '2025-02-22 09:00:00'),
(725, 122, 35, 8, '2', '2022-03-13 16:00:00'),
(727, 493, 1, 8, '1', '2023-03-02 12:00:00'),
(731, 189, 53, 8, '2', '2022-06-14 11:00:00'),
(732, 116, 1, 8, '3', '2024-02-26 10:00:00'),
(735, 76, 55, 8, '3', '2022-07-13 10:00:00'),
(739, 352, 35, 8, '1', '2021-08-31 16:00:00'),
(741, 374, 1, 8, '0', '2024-06-16 10:00:00'),
(742, 374, 1, 8, '2', '2024-08-22 13:00:00'),
(743, 360, 35, 8, '3', '2024-12-16 15:00:00'),
(758, 352, 1, 8, '2', '2024-09-28 09:00:00'),
(759, 38, 1, 8, '2', '2022-01-21 15:00:00'),
(764, 524, 35, 8, '2', '2022-02-09 13:00:00'),
(765, 436, 1, 8, '2', '2024-07-23 16:00:00'),
(767, 527, 35, 8, '1', '2023-06-04 17:00:00'),
(782, 76, 54, 8, '1', '2023-03-06 14:00:00'),
(783, 527, 1, 8, '2', '2022-09-01 15:00:00'),
(788, 493, 35, 8, '0', '2023-09-19 14:00:00'),
(795, 98, 1, 8, '0', '2022-08-23 11:00:00'),
(811, 415, 35, 8, '3', '2023-07-31 11:00:00'),
(815, 356, 35, 8, '3', '2021-11-25 16:00:00'),
(819, 512, 1, 8, '2', '2022-11-29 14:00:00'),
(839, 76, 1, 8, '1', '2022-05-17 15:00:00'),
(846, 98, 4, 8, '1', '2024-02-03 11:00:00'),
(848, 38, 35, 8, '2', '2022-10-22 09:00:00'),
(853, 98, 36, 8, '3', '2022-09-20 09:00:00'),
(854, 355, 1, 8, '0', '2024-09-21 10:00:00'),
(861, 415, 35, 8, '3', '2021-09-17 12:00:00'),
(864, 162, 35, 8, '0', '2022-12-27 15:00:00'),
(865, 146, 35, 8, '2', '2022-07-21 10:00:00'),
(868, 221, 1, 8, '2', '2022-05-09 11:00:00'),
(876, 352, 4, 8, '0', '2024-10-06 15:00:00'),
(879, 146, 1, 8, '1', '2024-01-19 15:00:00'),
(883, 50, 1, 8, '1', '2022-06-06 12:00:00'),
(885, 471, 1, 8, '1', '2022-08-28 12:00:00'),
(891, 189, 37, 8, '1', '2024-04-08 12:00:00'),
(894, 312, 1, 8, '1', '2024-02-12 12:00:00'),
(900, 65, 35, 8, '0', '2023-11-15 14:00:00'),
(906, 433, 1, 8, '1', '2024-05-11 09:00:00'),
(912, 164, 35, 8, '0', '2024-02-24 12:00:00'),
(915, 221, 35, 8, '0', '2024-07-31 13:00:00'),
(916, 223, 1, 8, '1', '2023-06-06 09:00:00'),
(925, 471, 1, 8, '3', '2022-11-08 15:00:00'),
(934, 44, 1, 8, '3', '2023-11-18 08:00:00'),
(942, 232, 1, 8, '0', '2023-11-18 13:00:00'),
(947, 352, 38, 8, '0', '2023-01-02 14:00:00'),
(953, 189, 1, 8, '3', '2023-05-18 10:00:00'),
(960, 353, 1, 8, '1', '2023-12-15 16:00:00'),
(965, 471, 53, 8, '0', '2022-11-09 08:00:00'),
(966, 360, 35, 8, '3', '2022-12-25 16:00:00'),
(972, 158, 35, 8, '2', '2023-05-23 13:00:00'),
(976, 303, 1, 8, '1', '2023-06-13 08:00:00'),
(979, 305, 35, 8, '2', '2024-11-15 12:00:00'),
(983, 30, 1, 8, '3', '2022-11-05 13:00:00'),
(986, 305, 1, 8, '1', '2023-08-15 17:00:00'),
(997, 412, 35, 8, '3', '2024-04-17 10:00:00'),
(1013, 356, 1, 8, '2', '2024-02-18 11:00:00'),
(1021, 227, 35, 8, '0', '2023-07-08 09:00:00'),
(1037, 312, 1, 8, '3', '2023-02-09 13:00:00'),
(1046, 76, 4, 8, '0', '2024-09-18 17:00:00'),
(1047, 323, 1, 8, '3', '2023-03-11 17:00:00'),
(1052, 352, 1, 8, '1', '2024-06-18 11:00:00'),
(1058, 50, 1, 8, '1', '2023-06-24 13:00:00'),
(1061, 76, 36, 8, '2', '2023-12-08 10:00:00'),
(1063, 223, 1, 8, '2', '2022-07-27 09:00:00'),
(1065, 189, 54, 8, '0', '2022-05-26 16:00:00'),
(1070, 352, 55, 8, '3', '2023-01-28 15:00:00'),
(1076, 415, 1, 8, '3', '2022-08-24 08:00:00'),
(1077, 352, 1, 8, '1', '2021-03-27 10:00:00'),
(1078, 227, 35, 8, '3', '2024-09-21 11:00:00'),
(1083, 387, 1, 8, '2', '2021-03-30 15:00:00'),
(1087, 498, 1, 8, '1', '2022-09-15 10:00:00'),
(1089, 436, 1, 8, '0', '2021-11-09 17:00:00'),
(1090, 223, 35, 8, '0', '2021-05-30 16:00:00'),
(1103, 189, 1, 8, '2', '2022-04-15 10:00:00'),
(1110, 30, 35, 8, '3', '2022-06-02 17:00:00'),
(1116, 189, 35, 8, '3', '2023-05-13 16:00:00'),
(1121, 255, 35, 8, '2', '2023-01-19 17:00:00'),
(1134, 352, 54, 8, '1', '2021-08-02 12:00:00'),
(1138, 175, 1, 8, '3', '2023-09-11 08:00:00'),
(1145, 189, 1, 8, '1', '2024-03-02 13:00:00'),
(1156, 471, 52, 8, '1', '2024-07-12 17:00:00'),
(1157, 122, 35, 8, '3', '2022-06-09 09:00:00'),
(1165, 76, 54, 8, '1', '2024-02-18 17:00:00'),
(1174, 158, 1, 8, '1', '2021-04-05 09:00:00'),
(1183, 353, 35, 8, '3', '2024-10-29 15:00:00'),
(1184, 116, 35, 8, '2', '2022-04-30 15:00:00'),
(1187, 419, 35, 8, '1', '2022-03-27 16:00:00'),
(1190, 175, 35, 8, '0', '2021-09-02 15:00:00'),
(1201, 98, 55, 8, '1', '2021-09-22 15:00:00'),
(1204, 116, 35, 8, '3', '2023-01-16 13:00:00'),
(1212, 158, 1, 8, '1', '2023-10-21 09:00:00'),
(1213, 498, 35, 8, '3', '2024-08-23 13:00:00'),
(1222, 189, 1, 8, '0', '2023-03-01 11:00:00'),
(1228, 374, 1, 8, '0', '2022-01-01 11:00:00'),
(1231, 50, 35, 8, '0', '2022-10-15 10:00:00'),
(1249, 44, 1, 8, '3', '2021-08-01 13:00:00'),
(1253, 352, 36, 8, '0', '2022-07-30 09:00:00'),
(1256, 76, 38, 8, '1', '2024-01-16 11:00:00'),
(1265, 433, 1, 8, '1', '2023-01-31 10:00:00'),
(1267, 471, 38, 8, '1', '2022-04-12 11:00:00'),
(1270, 498, 35, 8, '2', '2022-08-22 14:00:00'),
(1271, 65, 1, 8, '2', '2023-09-01 16:00:00'),
(1278, 436, 35, 8, '3', '2022-11-01 09:00:00'),
(1281, 471, 4, 8, '1', '2022-11-11 09:00:00'),
(1283, 76, 38, 8, '0', '2024-04-03 13:00:00'),
(1284, 98, 52, 8, '3', '2022-11-29 09:00:00'),
(1287, 15, 1, 8, '0', '2023-11-17 10:00:00'),
(1290, 76, 35, 8, '3', '2024-03-01 16:00:00'),
(1291, 76, 53, 8, '0', '2023-09-04 08:00:00'),
(1293, 189, 35, 8, '1', '2023-05-12 17:00:00'),
(1309, 356, 35, 8, '2', '2023-01-17 16:00:00'),
(1311, 516, 35, 8, '2', '2023-05-08 10:00:00'),
(1316, 524, 35, 8, '3', '2022-12-13 16:00:00'),
(1319, 352, 37, 8, '1', '2023-01-09 14:00:00'),
(1326, 412, 1, 8, '1', '2023-01-25 13:00:00'),
(1336, 352, 1, 8, '2', '2022-07-17 08:00:00'),
(1342, 189, 36, 8, '1', '2022-09-08 15:00:00'),
(1362, 146, 1, 8, '0', '2025-03-05 15:00:00'),
(1366, 189, 36, 8, '1', '2024-11-06 12:00:00'),
(1369, 232, 1, 8, '3', '2021-07-17 14:00:00'),
(1376, 189, 37, 8, '2', '2022-06-14 09:00:00'),
(1380, 15, 35, 8, '2', '2023-08-28 10:00:00'),
(1383, 76, 37, 8, '0', '2022-10-06 13:00:00'),
(1387, 342, 1, 8, '2', '2023-09-13 14:00:00'),
(1394, 44, 1, 8, '3', '2024-11-03 14:00:00'),
(1397, 76, 38, 8, '3', '2024-04-19 11:00:00'),
(1400, 189, 4, 8, '0', '2022-07-23 12:00:00'),
(1401, 471, 54, 8, '0', '2022-03-06 12:00:00'),
(1403, 352, 35, 8, '1', '2024-10-21 14:00:00'),
(1411, 79, 35, 8, '3', '2023-05-28 10:00:00'),
(1412, 113, 35, 8, '3', '2022-07-13 11:00:00'),
(1414, 75, 35, 8, '3', '2023-03-28 10:00:00'),
(1421, 98, 35, 8, '1', '2023-02-02 09:00:00'),
(1426, 121, 35, 8, '0', '2023-03-29 15:00:00'),
(1427, 223, 35, 8, '1', '2021-06-29 14:00:00'),
(1428, 436, 35, 8, '0', '2023-09-04 10:00:00'),
(1441, 98, 1, 8, '3', '2023-04-19 17:00:00'),
(1442, 98, 36, 8, '0', '2024-08-07 16:00:00'),
(1444, 352, 4, 8, '3', '2023-08-01 12:00:00'),
(1447, 189, 1, 8, '0', '2024-07-25 09:00:00'),
(1451, 352, 1, 8, '1', '2021-11-10 09:00:00'),
(1454, 98, 1, 8, '3', '2022-05-23 16:00:00'),
(1458, 189, 55, 8, '1', '2023-05-12 13:00:00'),
(1463, 221, 35, 8, '3', '2024-07-27 15:00:00'),
(1476, 262, 1, 8, '0', '2025-02-06 09:00:00'),
(1479, 98, 55, 8, '3', '2022-03-21 14:00:00'),
(1488, 158, 35, 8, '3', '2023-09-05 08:00:00'),
(1502, 353, 35, 8, '1', '2022-11-22 16:00:00'),
(1503, 121, 35, 8, '3', '2025-01-13 15:00:00'),
(1509, 255, 1, 8, '3', '2023-05-23 13:00:00'),
(1511, 287, 1, 8, '2', '2023-09-08 14:00:00'),
(1512, 493, 1, 8, '3', '2023-11-02 14:00:00'),
(1513, 255, 1, 8, '2', '2022-10-15 16:00:00'),
(1518, 221, 1, 8, '2', '2023-05-21 08:00:00'),
(1521, 189, 37, 8, '2', '2023-09-06 15:00:00'),
(1523, 512, 1, 8, '0', '2022-08-04 14:00:00'),
(1530, 76, 1, 8, '0', '2023-04-25 16:00:00'),
(1531, 516, 1, 8, '0', '2021-11-15 14:00:00'),
(1537, 98, 53, 8, '1', '2023-07-13 15:00:00'),
(1538, 75, 35, 8, '0', '2022-05-11 11:00:00'),
(1542, 189, 35, 8, '2', '2023-01-22 12:00:00'),
(1548, 98, 1, 8, '1', '2023-06-17 09:00:00'),
(1550, 76, 4, 8, '0', '2021-11-20 14:00:00'),
(1551, 146, 1, 8, '3', '2022-10-12 10:00:00'),
(1557, 76, 52, 8, '3', '2024-05-25 16:00:00'),
(1558, 189, 1, 8, '2', '2024-05-21 14:00:00'),
(1573, 98, 4, 8, '0', '2024-02-03 09:00:00'),
(1574, 352, 38, 8, '2', '2022-05-18 14:00:00'),
(1576, 15, 35, 8, '1', '2023-08-11 12:00:00'),
(1583, 355, 35, 8, '0', '2022-04-15 13:00:00'),
(1587, 221, 1, 8, '0', '2023-07-07 11:00:00'),
(1590, 98, 1, 8, '2', '2021-08-16 11:00:00'),
(1592, 15, 1, 8, '0', '2024-07-09 16:00:00'),
(1598, 352, 37, 8, '1', '2023-07-10 15:00:00'),
(1600, 352, 36, 8, '2', '2022-08-14 10:00:00'),
(1601, 352, 1, 8, '3', '2021-06-22 15:00:00'),
(1602, 50, 35, 8, '2', '2022-03-04 10:00:00'),
(1607, 471, 36, 8, '3', '2023-11-08 13:00:00'),
(1614, 471, 55, 8, '3', '2023-03-01 15:00:00'),
(1615, 185, 1, 8, '2', '2023-10-10 11:00:00'),
(1624, 352, 53, 8, '3', '2023-12-20 08:00:00'),
(1634, 223, 1, 8, '1', '2021-07-03 13:00:00'),
(1635, 158, 1, 8, '1', '2022-11-29 12:00:00'),
(1639, 412, 1, 8, '1', '2021-12-30 12:00:00'),
(1640, 312, 1, 8, '2', '2022-11-28 15:00:00'),
(1643, 98, 35, 8, '0', '2024-11-13 12:00:00'),
(1649, 342, 1, 8, '0', '2023-03-23 10:00:00'),
(1652, 387, 35, 8, '3', '2023-12-30 16:00:00'),
(1655, 471, 36, 8, '2', '2023-01-11 13:00:00'),
(1660, 433, 35, 8, '3', '2021-03-20 11:00:00'),
(1661, 512, 35, 8, '1', '2023-06-08 16:00:00'),
(1680, 516, 35, 8, '1', '2023-12-01 11:00:00'),
(1683, 352, 36, 8, '1', '2023-08-14 11:00:00'),
(1684, 352, 38, 8, '0', '2024-07-02 17:00:00'),
(1685, 189, 38, 8, '3', '2023-02-17 14:00:00'),
(1688, 79, 35, 8, '3', '2023-10-20 15:00:00'),
(1690, 471, 37, 8, '3', '2024-08-16 16:00:00'),
(1708, 98, 35, 8, '2', '2023-11-17 09:00:00'),
(1714, 471, 38, 8, '2', '2023-03-25 13:00:00'),
(1716, 98, 37, 8, '2', '2022-07-27 12:00:00'),
(1719, 471, 35, 8, '1', '2023-04-24 14:00:00'),
(1730, 44, 35, 8, '0', '2021-06-09 16:00:00'),
(1749, 98, 55, 8, '2', '2023-12-03 13:00:00'),
(1752, 175, 35, 8, '1', '2024-10-25 12:00:00'),
(1754, 224, 1, 8, '2', '2023-11-30 11:00:00'),
(1755, 471, 38, 8, '0', '2024-10-01 09:00:00'),
(1761, 471, 35, 8, '1', '2023-06-23 16:00:00'),
(1765, 76, 1, 8, '1', '2021-10-31 08:00:00'),
(1767, 146, 35, 8, '0', '2024-12-24 16:00:00'),
(1773, 433, 35, 8, '3', '2024-04-24 09:00:00'),
(1778, 419, 1, 8, '1', '2023-05-24 10:00:00'),
(1780, 65, 1, 8, '0', '2024-03-23 15:00:00'),
(1785, 224, 1, 8, '2', '2022-05-02 09:00:00'),
(1787, 224, 35, 8, '1', '2023-05-09 12:00:00'),
(1791, 436, 1, 8, '3', '2022-08-06 10:00:00'),
(1794, 272, 1, 8, '0', '2021-05-16 09:00:00'),
(1796, 98, 1, 8, '1', '2024-01-24 11:00:00'),
(1799, 76, 1, 8, '2', '2021-06-06 08:00:00'),
(1801, 529, 1, 8, '2', '2023-01-14 09:00:00'),
(1806, 76, 4, 8, '2', '2022-12-22 11:00:00'),
(1811, 98, 1, 8, '0', '2021-05-02 13:00:00'),
(1812, 162, 1, 8, '2', '2024-09-24 08:00:00'),
(1818, 356, 35, 8, '1', '2024-11-18 13:00:00'),
(1822, 189, 36, 8, '3', '2023-12-22 16:00:00'),
(1823, 471, 4, 8, '3', '2022-08-20 14:00:00'),
(1827, 76, 36, 8, '0', '2022-09-18 13:00:00'),
(1829, 98, 38, 8, '1', '2024-11-10 13:00:00'),
(1844, 352, 53, 8, '1', '2022-08-31 09:00:00'),
(1852, 303, 35, 8, '3', '2022-11-18 11:00:00'),
(1853, 76, 54, 8, '2', '2022-11-07 16:00:00'),
(1858, 352, 37, 8, '0', '2025-01-19 13:00:00'),
(1859, 342, 35, 8, '2', '2023-01-04 10:00:00'),
(1860, 353, 35, 8, '0', '2023-05-01 16:00:00'),
(1864, 527, 1, 8, '1', '2023-07-11 11:00:00'),
(1868, 529, 35, 8, '2', '2021-03-19 16:00:00'),
(1872, 415, 35, 8, '3', '2024-03-11 16:00:00'),
(1877, 76, 38, 8, '2', '2023-12-11 09:00:00'),
(1879, 433, 1, 8, '2', '2023-03-23 16:00:00'),
(1884, 164, 35, 8, '3', '2022-06-27 14:00:00'),
(1887, 355, 1, 8, '0', '2021-09-05 08:00:00'),
(1888, 471, 1, 8, '2', '2024-02-02 15:00:00'),
(1891, 284, 35, 8, '0', '2024-02-20 12:00:00'),
(1892, 76, 38, 8, '1', '2025-02-11 09:00:00'),
(1893, 224, 1, 8, '2', '2024-07-24 15:00:00'),
(1895, 312, 35, 8, '0', '2025-02-07 10:00:00'),
(1896, 355, 35, 8, '3', '2022-01-13 17:00:00'),
(1898, 387, 1, 8, '1', '2023-04-05 12:00:00'),
(1900, 471, 35, 8, '2', '2021-11-06 09:00:00'),
(1909, 312, 35, 8, '3', '2023-05-30 14:00:00'),
(1910, 38, 35, 8, '0', '2023-02-17 09:00:00'),
(1915, 98, 1, 8, '0', '2024-11-25 09:00:00'),
(1919, 227, 1, 8, '1', '2024-06-13 11:00:00'),
(1921, 323, 1, 8, '2', '2022-07-28 08:00:00'),
(1937, 189, 36, 8, '3', '2024-03-02 15:00:00'),
(1944, 121, 1, 8, '0', '2023-06-14 11:00:00'),
(1947, 272, 1, 8, '1', '2022-04-21 13:00:00'),
(1951, 76, 4, 8, '3', '2022-06-26 16:00:00'),
(1952, 498, 35, 8, '0', '2022-09-24 12:00:00'),
(1955, 79, 1, 8, '1', '2023-01-04 16:00:00'),
(1961, 471, 1, 8, '3', '2022-09-11 09:00:00'),
(1965, 76, 55, 8, '0', '2022-03-21 12:00:00'),
(1972, 162, 35, 8, '3', '2023-01-04 14:00:00'),
(1974, 79, 1, 8, '2', '2021-05-24 09:00:00'),
(1981, 189, 37, 8, '1', '2022-07-23 12:00:00'),
(1985, 352, 54, 8, '3', '2022-09-24 16:00:00'),
(1986, 164, 35, 8, '1', '2022-01-02 10:00:00'),
(1987, 98, 55, 8, '0', '2022-05-17 14:00:00'),
(1996, 527, 35, 8, '0', '2023-01-26 14:00:00'),
(1997, 75, 1, 8, '3', '2023-09-17 16:00:00'),
(2001, 471, 1, 8, '0', '2022-03-25 11:00:00'),
(2009, 98, 36, 8, '1', '2021-09-25 11:00:00'),
(2010, 65, 1, 8, '3', '2023-08-27 13:00:00'),
(2015, 162, 35, 8, '0', '2022-04-16 15:00:00'),
(2018, 471, 4, 8, '1', '2024-01-30 10:00:00'),
(2019, 360, 1, 8, '3', '2023-10-03 15:00:00'),
(2027, 303, 35, 8, '2', '2025-01-03 15:00:00'),
(2035, 224, 35, 8, '0', '2023-11-18 12:00:00'),
(2037, 50, 1, 8, '2', '2021-04-23 12:00:00'),
(2045, 76, 1, 8, '0', '2023-11-16 12:00:00'),
(2055, 116, 1, 8, '2', '2021-11-24 16:00:00'),
(2062, 352, 55, 8, '3', '2024-11-19 13:00:00'),
(2063, 76, 1, 8, '0', '2021-11-11 16:00:00'),
(2064, 303, 35, 8, '1', '2023-04-29 09:00:00'),
(2065, 75, 1, 8, '3', '2022-02-26 11:00:00'),
(2072, 189, 55, 8, '3', '2024-02-23 12:00:00'),
(2082, 175, 35, 8, '1', '2022-11-26 17:00:00'),
(2083, 374, 35, 8, '2', '2023-01-05 08:00:00'),
(2085, 15, 1, 8, '0', '2025-01-17 12:00:00'),
(2096, 352, 1, 8, '3', '2023-08-26 16:00:00'),
(2097, 498, 1, 8, '2', '2024-05-04 10:00:00'),
(2098, 76, 1, 8, '1', '2022-04-16 13:00:00'),
(2107, 493, 35, 8, '0', '2024-11-13 09:00:00'),
(2108, 419, 35, 8, '2', '2023-12-09 15:00:00'),
(2116, 227, 35, 8, '3', '2024-10-29 15:00:00'),
(2120, 352, 4, 8, '1', '2023-08-22 15:00:00'),
(2121, 189, 1, 8, '0', '2022-11-20 14:00:00'),
(2127, 352, 53, 8, '2', '2024-01-05 14:00:00'),
(2129, 232, 35, 8, '1', '2022-12-06 09:00:00'),
(2135, 524, 1, 8, '1', '2022-08-03 10:00:00'),
(2146, 272, 35, 8, '3', '2023-09-27 12:00:00'),
(2160, 98, 37, 8, '2', '2024-01-15 13:00:00'),
(2170, 287, 1, 8, '1', '2022-08-25 11:00:00'),
(2174, 471, 55, 8, '2', '2022-03-07 11:00:00'),
(2181, 175, 1, 8, '2', '2024-05-19 15:00:00'),
(2194, 30, 35, 8, '1', '2023-10-10 09:00:00'),
(2195, 30, 1, 8, '1', '2023-02-27 15:00:00'),
(2196, 323, 35, 8, '2', '2024-09-09 12:00:00'),
(2199, 415, 1, 8, '3', '2024-03-02 11:00:00'),
(2201, 122, 35, 8, '1', '2024-09-22 08:00:00'),
(2205, 262, 1, 8, '3', '2022-05-09 09:00:00'),
(2211, 524, 35, 8, '3', '2023-09-28 09:00:00'),
(2234, 287, 35, 8, '2', '2023-12-13 17:00:00'),
(2235, 189, 54, 8, '2', '2024-06-05 15:00:00'),
(2236, 342, 1, 8, '3', '2023-12-24 09:00:00'),
(2240, 98, 54, 8, '0', '2023-11-20 11:00:00'),
(2243, 76, 1, 8, '2', '2022-02-14 13:00:00'),
(2246, 471, 1, 8, '1', '2022-05-27 08:00:00'),
(2248, 287, 35, 8, '1', '2022-06-22 12:00:00'),
(2249, 355, 1, 8, '3', '2023-10-06 08:00:00'),
(2255, 471, 53, 8, '2', '2022-12-17 10:00:00'),
(2273, 164, 1, 8, '0', '2022-09-25 08:00:00'),
(2283, 352, 38, 8, '3', '2023-03-05 13:00:00'),
(2284, 419, 1, 8, '2', '2023-03-28 14:00:00'),
(2289, 471, 38, 8, '1', '2024-09-08 09:00:00'),
(2293, 471, 38, 8, '1', '2022-12-10 12:00:00'),
(2296, 323, 1, 8, '3', '2021-08-12 17:00:00'),
(2297, 360, 1, 8, '1', '2023-06-28 08:00:00'),
(2299, 436, 35, 8, '2', '2022-05-20 14:00:00'),
(2303, 529, 35, 8, '1', '2023-03-25 12:00:00'),
(2304, 189, 53, 8, '3', '2021-07-15 13:00:00'),
(2310, 146, 35, 8, '1', '2022-05-08 17:00:00'),
(2313, 374, 35, 8, '3', '2023-05-19 11:00:00'),
(2324, 76, 1, 8, '2', '2024-03-20 12:00:00'),
(2327, 387, 1, 8, '3', '2024-05-08 09:00:00'),
(2330, 433, 35, 8, '1', '2022-11-22 16:00:00'),
(2331, 98, 36, 8, '0', '2024-06-09 13:00:00'),
(2333, 116, 1, 8, '3', '2022-03-24 10:00:00'),
(2337, 516, 1, 8, '1', '2021-07-26 11:00:00'),
(2338, 122, 1, 8, '2', '2023-07-14 11:00:00'),
(2339, 356, 1, 8, '1', '2023-02-14 16:00:00'),
(2342, 287, 1, 8, '0', '2023-10-13 12:00:00'),
(2343, 471, 1, 8, '0', '2023-09-19 14:00:00'),
(2345, 352, 4, 8, '3', '2023-11-04 14:00:00'),
(2346, 98, 54, 8, '1', '2022-04-06 11:00:00'),
(2356, 189, 38, 8, '1', '2021-06-21 14:00:00'),
(2362, 355, 35, 8, '3', '2025-01-08 15:00:00'),
(2363, 15, 35, 8, '1', '2023-10-18 14:00:00'),
(2379, 262, 35, 8, '2', '2021-04-12 15:00:00'),
(2380, 76, 1, 8, '0', '2024-07-30 17:00:00'),
(2385, 98, 38, 8, '3', '2023-01-14 09:00:00'),
(2387, 352, 37, 8, '3', '2023-03-16 08:00:00'),
(2389, 162, 1, 8, '0', '2023-11-03 16:00:00'),
(2412, 303, 1, 8, '0', '2022-11-22 17:00:00'),
(2414, 76, 36, 8, '1', '2022-12-31 11:00:00'),
(2419, 98, 38, 8, '2', '2024-06-27 10:00:00'),
(2420, 471, 37, 8, '0', '2023-05-26 12:00:00'),
(2427, 162, 1, 8, '3', '2021-11-20 15:00:00'),
(2434, 471, 1, 8, '3', '2021-10-20 11:00:00'),
(2439, 305, 1, 8, '1', '2022-06-13 09:00:00'),
(8194, 290, 56, 8, '2', '2024-03-21 11:00:00'),
(8196, 174, 40, 8, '2', '2023-09-06 08:00:00'),
(8203, 89, 42, 8, '2', '2024-12-02 17:00:00'),
(8205, 140, 58, 8, '2', '2024-03-06 16:00:00'),
(8213, 429, 40, 8, '0', '2024-09-03 13:00:00'),
(8216, 140, 15, 8, '1', '2024-08-07 09:00:00'),
(8219, 174, 57, 8, '1', '2023-05-16 15:00:00'),
(8220, 429, 43, 8, '1', '2023-07-21 14:00:00'),
(8236, 290, 9, 8, '3', '2023-12-08 13:00:00'),
(8238, 174, 13, 8, '0', '2024-12-09 09:00:00'),
(8244, 140, 51, 8, '3', '2023-08-17 15:00:00'),
(8245, 89, 17, 8, '1', '2024-09-05 12:00:00'),
(8246, 89, 58, 8, '3', '2023-07-10 10:00:00'),
(8249, 140, 57, 8, '2', '2024-06-21 13:00:00'),
(8254, 140, 57, 8, '2', '2024-03-28 10:00:00'),
(8259, 140, 61, 8, '0', '2023-04-03 15:00:00'),
(8262, 179, 60, 8, '1', '2023-12-07 11:00:00'),
(8280, 174, 60, 8, '0', '2025-01-13 14:00:00'),
(8285, 89, 58, 8, '2', '2023-07-15 14:00:00'),
(8289, 89, 44, 8, '2', '2024-05-10 08:00:00'),
(8293, 89, 56, 8, '2', '2024-09-28 09:00:00'),
(8297, 174, 7, 8, '3', '2023-09-24 14:00:00'),
(8307, 290, 16, 8, '0', '2023-03-14 16:00:00'),
(8308, 429, 47, 8, '0', '2024-10-16 08:00:00'),
(8327, 140, 56, 8, '3', '2024-12-05 09:00:00'),
(8328, 174, 59, 8, '3', '2023-12-21 08:00:00'),
(8332, 471, 62, 8, '2', '2023-10-29 11:00:00'),
(8333, 179, 48, 8, '1', '2024-10-17 13:00:00'),
(8343, 479, 50, 8, '1', '2024-10-04 14:00:00'),
(8345, 290, 56, 8, '3', '2023-09-11 10:00:00'),
(8349, 429, 48, 8, '0', '2024-01-10 11:00:00'),
(8355, 76, 58, 8, '1', '2024-04-20 11:00:00'),
(8374, 352, 62, 8, '1', '2025-01-10 16:00:00'),
(8376, 290, 41, 8, '1', '2024-03-24 14:00:00'),
(8384, 429, 9, 8, '3', '2024-02-12 14:00:00'),
(8390, 174, 40, 8, '1', '2025-01-20 12:00:00'),
(8398, 429, 47, 8, '3', '2024-06-07 17:00:00'),
(8400, 174, 41, 8, '1', '2023-03-14 09:00:00'),
(8404, 290, 48, 8, '3', '2023-11-04 16:00:00'),
(8411, 290, 61, 8, '1', '2024-01-24 08:00:00'),
(8434, 140, 59, 8, '0', '2024-08-03 13:00:00'),
(8436, 89, 42, 8, '0', '2023-05-22 09:00:00'),
(8442, 174, 48, 8, '3', '2024-10-31 13:00:00'),
(8446, 290, 60, 8, '0', '2023-06-24 14:00:00'),
(8448, 89, 43, 8, '2', '2023-09-17 13:00:00'),
(8451, 174, 46, 8, '1', '2024-10-25 12:00:00'),
(8455, 174, 56, 8, '0', '2024-01-12 13:00:00'),
(8465, 174, 56, 8, '0', '2023-03-22 09:00:00'),
(8469, 179, 61, 8, '1', '2024-08-30 15:00:00'),
(8477, 89, 43, 8, '2', '2024-07-21 16:00:00'),
(8482, 290, 61, 8, '3', '2023-11-16 14:00:00'),
(8486, 290, 41, 8, '0', '2024-03-13 10:00:00'),
(8489, 290, 46, 8, '2', '2025-02-09 08:00:00'),
(8490, 140, 13, 8, '3', '2023-05-14 13:00:00'),
(8492, 189, 58, 8, '1', '2025-02-25 17:00:00'),
(8505, 429, 7, 8, '1', '2024-07-12 14:00:00'),
(8506, 89, 56, 8, '0', '2024-05-19 12:00:00'),
(8507, 429, 48, 8, '1', '2023-09-12 11:00:00'),
(8517, 174, 51, 8, '0', '2023-08-21 17:00:00'),
(8529, 290, 13, 8, '0', '2024-11-13 14:00:00'),
(8533, 174, 8, 8, '0', '2023-07-05 13:00:00'),
(8539, 179, 48, 8, '2', '2023-07-10 14:00:00'),
(8553, 140, 47, 8, '3', '2024-03-09 11:00:00'),
(8557, 429, 8, 8, '0', '2023-06-07 13:00:00'),
(8566, 429, 41, 8, '0', '2023-12-08 14:00:00'),
(8568, 174, 8, 8, '3', '2024-11-13 11:00:00'),
(8574, 140, 8, 8, '1', '2024-03-25 13:00:00'),
(8580, 179, 43, 8, '2', '2024-11-29 10:00:00'),
(8590, 290, 57, 8, '1', '2024-02-18 14:00:00'),
(8598, 140, 42, 8, '2', '2024-06-20 12:00:00'),
(8605, 429, 43, 8, '1', '2023-03-21 11:00:00'),
(8606, 471, 62, 8, '3', '2024-09-19 14:00:00'),
(8613, 179, 51, 8, '0', '2024-08-23 13:00:00'),
(8619, 179, 59, 8, '0', '2024-03-06 13:00:00'),
(8631, 179, 8, 8, '3', '2023-09-07 16:00:00'),
(8635, 429, 57, 8, '1', '2024-09-30 11:00:00'),
(8639, 174, 56, 8, '0', '2023-07-31 09:00:00'),
(8641, 140, 48, 8, '2', '2023-06-19 16:00:00'),
(8648, 140, 41, 8, '0', '2023-07-17 11:00:00'),
(8652, 290, 56, 8, '1', '2023-10-01 14:00:00'),
(8663, 429, 15, 8, '2', '2024-10-09 13:00:00'),
(8670, 290, 61, 8, '2', '2023-06-20 15:00:00'),
(8671, 174, 16, 8, '3', '2024-09-09 09:00:00'),
(8679, 174, 43, 8, '1', '2024-06-28 09:00:00'),
(8715, 174, 15, 8, '3', '2024-01-25 12:00:00'),
(8716, 174, 56, 8, '0', '2024-05-21 11:00:00'),
(8717, 89, 46, 8, '2', '2023-12-22 11:00:00'),
(8722, 174, 57, 8, '1', '2024-09-04 14:00:00'),
(8727, 290, 17, 8, '3', '2023-07-11 15:00:00'),
(8736, 429, 60, 8, '3', '2023-07-14 15:00:00'),
(8738, 179, 41, 8, '2', '2024-06-17 10:00:00'),
(8747, 140, 41, 8, '3', '2024-06-24 11:00:00'),
(8753, 290, 47, 8, '3', '2023-03-19 09:00:00'),
(8756, 89, 46, 8, '0', '2024-01-23 11:00:00'),
(8758, 89, 16, 8, '1', '2025-01-15 15:00:00'),
(8759, 140, 51, 8, '3', '2023-08-24 17:00:00'),
(8761, 89, 13, 8, '2', '2024-03-16 10:00:00'),
(8769, 140, 59, 8, '3', '2024-05-21 08:00:00'),
(8776, 89, 47, 8, '0', '2024-04-15 12:00:00'),
(8778, 179, 8, 8, '2', '2024-01-16 17:00:00'),
(8781, 179, 57, 8, '2', '2023-10-17 08:00:00'),
(8788, 290, 43, 8, '2', '2024-07-21 12:00:00'),
(8789, 140, 43, 8, '0', '2023-06-17 11:00:00'),
(8794, 179, 13, 8, '1', '2024-03-12 08:00:00'),
(8797, 429, 41, 8, '2', '2023-10-11 09:00:00'),
(8798, 471, 58, 8, '3', '2024-10-24 10:00:00'),
(8799, 140, 56, 8, '1', '2023-08-19 09:00:00'),
(8800, 496, 50, 8, '1', '2023-09-21 15:00:00'),
(8801, 174, 61, 8, '3', '2024-03-02 11:00:00'),
(8803, 429, 56, 8, '3', '2024-02-18 12:00:00'),
(8819, 179, 51, 8, '2', '2024-09-11 12:00:00'),
(8820, 179, 47, 8, '2', '2024-06-17 09:00:00'),
(8830, 174, 57, 8, '3', '2023-12-24 09:00:00'),
(8853, 496, 50, 8, '3', '2024-08-12 08:00:00'),
(8855, 174, 58, 8, '0', '2023-10-16 16:00:00'),
(8856, 174, 43, 8, '1', '2024-11-30 13:00:00'),
(8860, 429, 13, 8, '2', '2023-05-07 14:00:00'),
(8861, 496, 43, 8, '3', '2024-12-30 09:00:00'),
(8865, 140, 8, 8, '2', '2023-05-18 09:00:00'),
(8887, 89, 8, 8, '0', '2023-10-23 15:00:00'),
(8898, 140, 51, 8, '2', '2023-06-19 12:00:00'),
(8902, 290, 40, 8, '2', '2023-10-04 10:00:00'),
(8910, 290, 60, 8, '1', '2023-07-07 14:00:00'),
(8917, 290, 7, 8, '1', '2023-06-14 10:00:00'),
(8919, 174, 41, 8, '0', '2023-12-06 10:00:00'),
(8931, 429, 40, 8, '2', '2024-08-16 09:00:00'),
(8934, 290, 41, 8, '3', '2024-11-06 17:00:00'),
(8938, 140, 61, 8, '0', '2023-11-13 16:00:00'),
(8939, 89, 46, 8, '3', '2023-09-25 16:00:00'),
(8942, 290, 48, 8, '1', '2023-05-30 15:00:00'),
(8944, 89, 41, 8, '2', '2024-08-18 11:00:00'),
(8945, 89, 57, 8, '0', '2023-06-27 10:00:00'),
(8947, 496, 50, 8, '2', '2023-06-12 12:00:00'),
(8955, 140, 13, 8, '2', '2023-03-20 10:00:00'),
(8961, 429, 58, 8, '2', '2024-12-20 16:00:00'),
(8963, 174, 46, 8, '2', '2024-10-09 12:00:00'),
(8965, 89, 43, 8, '2', '2023-06-13 09:00:00'),
(8972, 179, 56, 8, '0', '2024-04-17 14:00:00'),
(8975, 290, 57, 8, '3', '2024-01-11 10:00:00'),
(8977, 174, 61, 8, '2', '2024-09-23 16:00:00'),
(8989, 89, 51, 8, '2', '2024-05-22 15:00:00'),
(8997, 429, 16, 8, '0', '2024-12-12 15:00:00'),
(9009, 189, 62, 8, '1', '2024-09-10 09:00:00'),
(9010, 89, 56, 8, '0', '2024-08-01 11:00:00'),
(9011, 174, 15, 8, '2', '2023-10-03 09:00:00'),
(9012, 89, 8, 8, '1', '2024-01-20 11:00:00'),
(9013, 89, 57, 8, '1', '2024-12-29 10:00:00'),
(9014, 174, 9, 8, '0', '2024-12-27 16:00:00'),
(9015, 179, 56, 8, '3', '2023-06-26 13:00:00'),
(9037, 290, 47, 8, '1', '2023-05-18 16:00:00'),
(9043, 429, 9, 8, '0', '2024-01-09 09:00:00'),
(9045, 179, 40, 8, '3', '2024-01-30 17:00:00'),
(9050, 179, 42, 8, '1', '2023-03-29 15:00:00'),
(9061, 429, 57, 8, '1', '2023-12-07 09:00:00'),
(9063, 89, 15, 8, '1', '2024-01-09 14:00:00'),
(9075, 479, 50, 8, '0', '2023-11-29 11:00:00'),
(9079, 89, 15, 8, '1', '2024-03-06 12:00:00'),
(9088, 179, 15, 8, '0', '2024-06-09 17:00:00'),
(9091, 429, 61, 8, '3', '2024-12-24 09:00:00'),
(9103, 174, 61, 8, '0', '2024-07-25 12:00:00'),
(9105, 174, 9, 8, '3', '2025-01-05 16:00:00'),
(9110, 429, 51, 8, '2', '2024-04-16 12:00:00'),
(9132, 429, 17, 8, '3', '2023-11-01 08:00:00'),
(9135, 140, 56, 8, '0', '2024-11-15 15:00:00'),
(9151, 174, 42, 8, '1', '2024-05-14 13:00:00'),
(9154, 140, 48, 8, '0', '2023-09-29 14:00:00'),
(9156, 179, 47, 8, '2', '2024-02-11 16:00:00'),
(9169, 174, 48, 8, '1', '2023-03-30 14:00:00'),
(9175, 179, 40, 8, '3', '2025-01-17 14:00:00'),
(9184, 429, 16, 8, '3', '2024-07-10 17:00:00'),
(9188, 89, 44, 8, '0', '2025-01-05 12:00:00'),
(9194, 429, 56, 8, '2', '2023-04-22 14:00:00'),
(9195, 290, 59, 8, '1', '2023-03-28 09:00:00'),
(9203, 89, 17, 8, '0', '2023-08-23 12:00:00'),
(9217, 89, 61, 8, '3', '2024-05-29 10:00:00'),
(9228, 140, 17, 8, '2', '2023-12-11 17:00:00'),
(9238, 429, 61, 8, '1', '2025-02-15 10:00:00'),
(9255, 179, 9, 8, '0', '2025-01-21 10:00:00'),
(9262, 89, 61, 8, '2', '2024-10-19 16:00:00'),
(9271, 89, 16, 8, '1', '2023-03-21 10:00:00'),
(9283, 140, 57, 8, '2', '2023-04-13 13:00:00'),
(9291, 174, 41, 8, '2', '2024-11-20 15:00:00'),
(9292, 174, 60, 8, '2', '2023-07-30 15:00:00'),
(9297, 89, 47, 8, '1', '2024-05-12 13:00:00'),
(9300, 89, 59, 8, '3', '2023-09-04 17:00:00'),
(9302, 89, 15, 8, '1', '2024-10-18 16:00:00'),
(9306, 290, 8, 8, '0', '2024-03-21 13:00:00'),
(9315, 429, 46, 8, '0', '2023-11-11 15:00:00'),
(9317, 179, 58, 8, '3', '2024-08-21 12:00:00'),
(9323, 429, 9, 8, '1', '2024-05-21 12:00:00'),
(9332, 179, 61, 8, '1', '2024-07-31 16:00:00'),
(9337, 89, 60, 8, '2', '2025-01-25 08:00:00'),
(9341, 179, 41, 8, '1', '2024-08-13 12:00:00'),
(9346, 179, 43, 8, '2', '2023-06-26 13:00:00'),
(9353, 290, 43, 8, '2', '2023-06-01 10:00:00'),
(9363, 140, 41, 8, '3', '2023-11-29 14:00:00'),
(9374, 174, 41, 8, '1', '2023-09-14 14:00:00'),
(9377, 290, 41, 8, '0', '2024-05-31 14:00:00'),
(9379, 179, 51, 8, '2', '2023-08-29 09:00:00'),
(9382, 290, 59, 8, '3', '2024-08-18 10:00:00'),
(9384, 140, 58, 8, '3', '2023-05-13 14:00:00'),
(9387, 429, 44, 8, '1', '2023-12-26 09:00:00'),
(9388, 179, 41, 8, '0', '2024-12-23 10:00:00'),
(9390, 140, 60, 8, '3', '2023-06-22 15:00:00'),
(9397, 290, 59, 8, '2', '2023-06-07 15:00:00'),
(9399, 174, 7, 8, '0', '2024-12-31 12:00:00'),
(9411, 174, 56, 8, '0', '2024-08-09 13:00:00'),
(9413, 89, 51, 8, '2', '2024-10-07 17:00:00'),
(9415, 179, 43, 8, '1', '2024-03-13 16:00:00'),
(9448, 290, 9, 8, '0', '2023-09-01 10:00:00'),
(9449, 140, 40, 8, '1', '2024-06-09 09:00:00'),
(9451, 290, 9, 8, '1', '2025-02-07 10:00:00'),
(9460, 179, 41, 8, '1', '2024-09-13 17:00:00'),
(9466, 140, 56, 8, '2', '2024-04-09 09:00:00'),
(9471, 429, 56, 8, '0', '2024-10-27 13:00:00'),
(9475, 290, 44, 8, '3', '2023-05-09 14:00:00'),
(9489, 89, 47, 8, '3', '2023-06-16 10:00:00'),
(9490, 140, 41, 8, '3', '2024-09-04 10:00:00'),
(9492, 429, 44, 8, '0', '2024-12-06 09:00:00'),
(9497, 290, 42, 8, '3', '2023-08-28 14:00:00'),
(9504, 429, 46, 8, '0', '2023-11-26 16:00:00'),
(9511, 140, 47, 8, '2', '2024-02-05 13:00:00'),
(9515, 290, 15, 8, '0', '2024-03-09 10:00:00'),
(9519, 140, 57, 8, '1', '2025-01-10 13:00:00'),
(9520, 140, 40, 8, '2', '2024-12-27 17:00:00'),
(9522, 140, 13, 8, '1', '2024-10-06 15:00:00'),
(9523, 140, 16, 8, '3', '2024-01-07 15:00:00'),
(9527, 290, 8, 8, '1', '2024-09-30 09:00:00'),
(9534, 89, 57, 8, '1', '2023-07-02 16:00:00'),
(9536, 89, 43, 8, '1', '2023-06-01 10:00:00'),
(9537, 174, 42, 8, '1', '2024-04-26 11:00:00'),
(9546, 174, 13, 8, '0', '2024-04-01 14:00:00'),
(9567, 140, 9, 8, '1', '2024-10-04 15:00:00'),
(9581, 429, 13, 8, '3', '2023-07-03 08:00:00'),
(9597, 290, 48, 8, '2', '2023-05-27 10:00:00'),
(9604, 179, 60, 8, '3', '2023-03-19 17:00:00'),
(9608, 290, 44, 8, '1', '2025-02-03 17:00:00'),
(9614, 179, 48, 8, '1', '2023-08-20 13:00:00'),
(9618, 429, 15, 8, '3', '2023-03-17 13:00:00'),
(9619, 140, 56, 8, '3', '2023-04-07 15:00:00'),
(9624, 140, 59, 8, '0', '2023-05-01 14:00:00'),
(9628, 89, 8, 8, '1', '2023-06-05 12:00:00'),
(9629, 89, 7, 8, '1', '2024-06-07 12:00:00'),
(9630, 140, 43, 8, '0', '2025-03-06 11:00:00'),
(9631, 290, 57, 8, '0', '2023-11-16 10:00:00'),
(9639, 174, 60, 8, '3', '2023-04-05 08:00:00'),
(9641, 89, 40, 8, '1', '2023-09-19 10:00:00'),
(9642, 429, 41, 8, '0', '2023-08-25 16:00:00'),
(9659, 429, 56, 8, '1', '2024-08-08 15:00:00'),
(9666, 429, 60, 8, '2', '2024-09-21 09:00:00'),
(9669, 179, 46, 8, '0', '2025-01-09 17:00:00'),
(9674, 290, 13, 8, '3', '2023-10-11 15:00:00'),
(9682, 89, 48, 8, '3', '2024-12-08 15:00:00'),
(9686, 179, 57, 8, '1', '2023-07-31 15:00:00'),
(9694, 429, 42, 8, '1', '2024-03-17 14:00:00'),
(9695, 174, 48, 8, '3', '2023-09-17 11:00:00'),
(9703, 290, 51, 8, '3', '2025-01-16 13:00:00'),
(9704, 140, 40, 8, '0', '2024-02-08 17:00:00'),
(9709, 290, 8, 8, '2', '2024-01-18 08:00:00'),
(9710, 174, 44, 8, '0', '2024-01-31 09:00:00'),
(9718, 89, 43, 8, '1', '2023-10-16 16:00:00'),
(9719, 89, 7, 8, '0', '2024-07-15 08:00:00'),
(9725, 174, 8, 8, '1', '2024-09-21 13:00:00'),
(9731, 89, 7, 8, '1', '2024-11-06 17:00:00'),
(9740, 140, 44, 8, '3', '2024-07-10 13:00:00'),
(9744, 179, 16, 8, '0', '2024-02-21 15:00:00'),
(9745, 89, 8, 8, '2', '2023-04-19 13:00:00'),
(9747, 89, 41, 8, '2', '2024-05-31 14:00:00'),
(9749, 179, 8, 8, '3', '2024-07-03 10:00:00'),
(9752, 174, 7, 8, '2', '2023-07-16 10:00:00'),
(9759, 496, 43, 8, '1', '2024-06-25 10:00:00'),
(9768, 140, 43, 8, '1', '2024-05-15 08:00:00'),
(9772, 179, 46, 8, '3', '2024-04-25 09:00:00'),
(9778, 140, 46, 8, '0', '2023-05-22 11:00:00'),
(9785, 174, 58, 8, '1', '2024-01-12 09:00:00'),
(9788, 429, 43, 8, '3', '2023-08-04 13:00:00'),
(9791, 429, 56, 8, '2', '2024-07-14 13:00:00'),
(9793, 140, 15, 8, '3', '2024-02-03 12:00:00'),
(9795, 429, 8, 8, '3', '2024-02-05 14:00:00'),
(9800, 429, 41, 8, '2', '2025-02-22 13:00:00'),
(9802, 76, 62, 8, '3', '2024-05-11 10:00:00'),
(9805, 140, 47, 8, '1', '2024-04-05 12:00:00'),
(9806, 290, 7, 8, '1', '2024-08-22 13:00:00'),
(9813, 89, 44, 8, '3', '2023-04-06 14:00:00'),
(9830, 98, 62, 8, '3', '2024-10-17 17:00:00'),
(9832, 429, 13, 8, '3', '2023-03-25 15:00:00'),
(9834, 179, 7, 8, '1', '2024-05-06 09:00:00'),
(9839, 89, 48, 8, '0', '2023-06-18 11:00:00'),
(9843, 174, 40, 8, '3', '2024-05-16 09:00:00'),
(9846, 174, 59, 8, '3', '2024-04-19 12:00:00'),
(9847, 179, 46, 8, '0', '2025-02-14 12:00:00'),
(9865, 140, 60, 8, '1', '2024-04-10 11:00:00'),
(9901, 429, 59, 8, '0', '2023-12-19 12:00:00'),
(9902, 140, 46, 8, '1', '2023-11-17 12:00:00'),
(9913, 174, 57, 8, '0', '2024-03-26 17:00:00'),
(9917, 179, 58, 8, '1', '2023-11-19 14:00:00'),
(9922, 140, 46, 8, '1', '2023-10-10 13:00:00'),
(9925, 189, 62, 8, '3', '2023-09-25 13:00:00'),
(9936, 174, 47, 8, '1', '2023-10-20 12:00:00'),
(9945, 89, 13, 8, '3', '2024-11-14 14:00:00'),
(9946, 179, 57, 8, '3', '2024-07-05 10:00:00'),
(9950, 429, 51, 8, '3', '2023-10-25 10:00:00'),
(9952, 496, 43, 8, '2', '2024-01-02 12:00:00'),
(9964, 479, 43, 8, '2', '2024-08-27 17:00:00'),
(9969, 179, 13, 8, '1', '2023-08-20 10:00:00'),
(9976, 140, 9, 8, '0', '2023-07-30 09:00:00'),
(9988, 140, 51, 8, '3', '2023-08-31 16:00:00'),
(9999, 174, 60, 8, '0', '2024-11-03 14:00:00'),
(10005, 140, 17, 8, '1', '2024-04-06 12:00:00'),
(10015, 429, 16, 8, '1', '2024-07-24 09:00:00'),
(10019, 179, 46, 8, '0', '2023-07-05 12:00:00'),
(10024, 429, 46, 8, '3', '2024-04-07 10:00:00'),
(10025, 89, 42, 8, '2', '2025-02-19 10:00:00'),
(10031, 174, 42, 8, '2', '2023-06-26 08:00:00'),
(10032, 429, 15, 8, '0', '2023-04-15 09:00:00'),
(10040, 290, 56, 8, '1', '2023-05-31 12:00:00'),
(10048, 174, 17, 8, '0', '2023-04-15 08:00:00'),
(10055, 290, 57, 8, '3', '2024-09-16 13:00:00'),
(10063, 140, 8, 8, '3', '2024-05-18 08:00:00'),
(10064, 290, 43, 8, '2', '2023-04-22 15:00:00'),
(10075, 179, 7, 8, '2', '2023-10-17 11:00:00'),
(10092, 290, 17, 8, '3', '2024-03-06 10:00:00'),
(10095, 429, 61, 8, '3', '2024-11-16 13:00:00'),
(10096, 429, 40, 8, '1', '2024-02-28 09:00:00'),
(10109, 179, 43, 8, '2', '2023-06-27 14:00:00'),
(10146, 174, 9, 8, '3', '2024-09-24 12:00:00'),
(10148, 429, 44, 8, '2', '2023-12-07 14:00:00'),
(10149, 290, 57, 8, '1', '2025-01-11 11:00:00'),
(10150, 179, 9, 8, '1', '2024-04-29 15:00:00'),
(10154, 174, 44, 8, '2', '2023-06-09 13:00:00'),
(10160, 140, 15, 8, '2', '2024-07-30 13:00:00'),
(10165, 174, 46, 8, '3', '2024-03-08 10:00:00'),
(10170, 174, 41, 8, '2', '2023-03-23 09:00:00'),
(10177, 290, 59, 8, '3', '2024-11-27 11:00:00'),
(10184, 179, 15, 8, '2', '2024-01-21 16:00:00'),
(10187, 179, 40, 8, '3', '2023-12-18 16:00:00'),
(10189, 290, 15, 8, '0', '2024-04-15 14:00:00'),
(10198, 174, 43, 8, '3', '2025-03-09 12:00:00'),
(10201, 496, 43, 8, '3', '2024-02-28 17:00:00'),
(10203, 89, 41, 8, '3', '2024-05-26 14:00:00'),
(10204, 290, 42, 8, '3', '2024-12-21 09:00:00'),
(10213, 89, 8, 8, '0', '2023-12-13 12:00:00'),
(10219, 429, 56, 8, '2', '2023-10-07 09:00:00'),
(10221, 89, 61, 8, '2', '2024-06-12 12:00:00'),
(10222, 89, 48, 8, '2', '2023-06-07 13:00:00'),
(10230, 429, 43, 8, '0', '2024-12-27 16:00:00'),
(10234, 290, 57, 8, '0', '2025-02-15 11:00:00'),
(10235, 290, 17, 8, '0', '2024-01-14 15:00:00'),
(10237, 429, 59, 8, '2', '2023-11-14 14:00:00'),
(10243, 140, 7, 8, '3', '2024-03-06 10:00:00'),
(10244, 290, 40, 8, '0', '2023-10-22 09:00:00'),
(10245, 89, 56, 8, '0', '2023-04-01 10:00:00'),
(10248, 89, 15, 8, '1', '2024-01-08 09:00:00'),
(10273, 290, 41, 8, '3', '2024-02-04 10:00:00'),
(10280, 89, 9, 8, '3', '2024-01-25 08:00:00'),
(10297, 140, 17, 8, '1', '2024-10-02 10:00:00'),
(10299, 179, 57, 8, '2', '2023-11-06 12:00:00'),
(10303, 429, 60, 8, '0', '2024-04-24 10:00:00'),
(10308, 429, 15, 8, '1', '2023-10-11 12:00:00'),
(10314, 429, 40, 8, '3', '2023-07-20 13:00:00'),
(10318, 429, 47, 8, '0', '2025-02-14 08:00:00'),
(10319, 140, 9, 8, '0', '2024-12-16 08:00:00'),
(10325, 179, 42, 8, '0', '2024-09-26 12:00:00'),
(10333, 140, 57, 8, '0', '2024-08-11 16:00:00'),
(10336, 174, 8, 8, '1', '2025-01-23 09:00:00'),
(10337, 290, 44, 8, '0', '2024-08-04 08:00:00'),
(10347, 429, 60, 8, '2', '2025-03-01 14:00:00'),
(10356, 179, 57, 8, '0', '2024-12-18 12:00:00'),
(10360, 89, 56, 8, '1', '2024-03-15 10:00:00'),
(10375, 140, 8, 8, '0', '2024-12-25 14:00:00'),
(10376, 89, 9, 8, '1', '2024-03-18 16:00:00'),
(10382, 179, 56, 8, '3', '2024-11-14 13:00:00'),
(10390, 174, 51, 8, '1', '2024-06-15 12:00:00'),
(10392, 179, 17, 8, '3', '2024-05-02 10:00:00'),
(10398, 179, 57, 8, '1', '2023-07-01 13:00:00'),
(10403, 290, 42, 8, '2', '2024-01-13 16:00:00'),
(10405, 174, 43, 8, '3', '2024-11-15 13:00:00'),
(10408, 179, 60, 8, '2', '2024-12-02 08:00:00'),
(10416, 479, 50, 8, '1', '2024-10-17 14:00:00'),
(10419, 89, 41, 8, '2', '2025-01-11 10:00:00'),
(10420, 429, 57, 8, '2', '2024-06-13 15:00:00'),
(10427, 290, 13, 8, '0', '2024-11-28 14:00:00'),
(10431, 429, 8, 8, '3', '2023-03-29 16:00:00'),
(10435, 174, 57, 8, '3', '2024-08-03 14:00:00'),
(10445, 89, 43, 8, '2', '2023-08-12 11:00:00'),
(10451, 89, 57, 8, '2', '2024-01-13 16:00:00'),
(10453, 179, 47, 8, '1', '2024-02-11 17:00:00'),
(10455, 352, 62, 8, '3', '2023-07-22 13:00:00'),
(10467, 290, 41, 8, '0', '2023-10-06 10:00:00'),
(10481, 429, 59, 8, '3', '2023-12-10 16:00:00'),
(10482, 89, 41, 8, '1', '2024-07-08 16:00:00'),
(10488, 290, 58, 8, '3', '2023-07-28 12:00:00'),
(10502, 89, 9, 8, '3', '2023-11-07 16:00:00'),
(10504, 179, 15, 8, '0', '2024-09-03 13:00:00'),
(10508, 140, 46, 8, '0', '2025-02-05 08:00:00'),
(10512, 89, 57, 8, '3', '2023-03-28 13:00:00'),
(10513, 429, 48, 8, '2', '2024-07-07 09:00:00'),
(10515, 140, 59, 8, '2', '2023-09-24 13:00:00'),
(10521, 174, 57, 8, '0', '2024-12-11 15:00:00'),
(10527, 174, 16, 8, '3', '2024-11-04 13:00:00'),
(10531, 429, 51, 8, '1', '2023-06-21 14:00:00'),
(10537, 140, 48, 8, '2', '2024-11-23 15:00:00'),
(10544, 89, 46, 8, '2', '2023-12-31 14:00:00'),
(10550, 179, 51, 8, '2', '2023-07-13 14:00:00'),
(10554, 140, 41, 8, '3', '2023-11-20 14:00:00'),
(10561, 98, 62, 8, '3', '2023-03-14 14:00:00'),
(10562, 179, 51, 8, '0', '2023-10-29 10:00:00'),
(10565, 174, 15, 8, '0', '2024-11-23 14:00:00'),
(10571, 429, 51, 8, '1', '2024-07-25 16:00:00'),
(10577, 179, 56, 8, '0', '2024-03-06 11:00:00'),
(10594, 290, 46, 8, '2', '2023-06-11 08:00:00'),
(10598, 290, 15, 8, '3', '2025-03-08 15:00:00'),
(10605, 290, 15, 8, '0', '2024-07-16 09:00:00'),
(10609, 174, 59, 8, '1', '2023-12-08 11:00:00'),
(10613, 429, 46, 8, '0', '2024-09-23 13:00:00'),
(10614, 179, 41, 8, '1', '2025-02-17 09:00:00'),
(10619, 290, 46, 8, '0', '2023-04-01 08:00:00'),
(10620, 89, 40, 8, '2', '2024-01-26 08:00:00'),
(10627, 429, 42, 8, '0', '2025-02-19 16:00:00'),
(10628, 179, 46, 8, '2', '2023-03-22 14:00:00'),
(10629, 174, 47, 8, '0', '2024-07-18 09:00:00'),
(10633, 140, 8, 8, '1', '2024-07-07 09:00:00'),
(10637, 89, 9, 8, '1', '2023-06-16 12:00:00'),
(10641, 89, 57, 8, '2', '2024-04-22 11:00:00'),
(10642, 290, 51, 8, '2', '2024-06-04 15:00:00'),
(10664, 179, 44, 8, '1', '2024-12-03 08:00:00'),
(10666, 98, 62, 8, '0', '2024-08-25 11:00:00'),
(10669, 89, 60, 8, '0', '2024-07-12 16:00:00'),
(10678, 140, 46, 8, '0', '2025-03-10 13:00:00'),
(10684, 429, 17, 8, '0', '2025-02-09 14:00:00'),
(10688, 179, 46, 8, '3', '2025-01-02 16:00:00'),
(10691, 179, 8, 8, '3', '2024-03-04 12:00:00'),
(10698, 174, 57, 8, '2', '2023-05-01 10:00:00'),
(10705, 140, 43, 8, '0', '2023-04-19 13:00:00'),
(10707, 140, 44, 8, '0', '2024-11-14 14:00:00'),
(10715, 179, 9, 8, '3', '2024-11-25 11:00:00'),
(10725, 174, 46, 8, '0', '2024-06-17 12:00:00'),
(10726, 471, 62, 8, '3', '2024-07-03 17:00:00'),
(10733, 179, 56, 8, '0', '2024-10-28 16:00:00'),
(10737, 429, 7, 8, '0', '2023-07-15 12:00:00'),
(10739, 429, 57, 8, '0', '2024-06-16 12:00:00'),
(10742, 290, 56, 8, '1', '2024-08-31 12:00:00'),
(10745, 479, 50, 8, '1', '2024-09-27 16:00:00'),
(10747, 290, 8, 8, '3', '2023-06-11 10:00:00'),
(10750, 290, 56, 8, '1', '2025-02-03 10:00:00'),
(10758, 429, 43, 8, '2', '2024-09-24 09:00:00'),
(10760, 174, 43, 8, '3', '2023-11-20 14:00:00'),
(10765, 140, 42, 8, '1', '2024-10-31 12:00:00'),
(10767, 290, 51, 8, '3', '2023-12-11 09:00:00'),
(10774, 89, 46, 8, '2', '2024-11-11 16:00:00'),
(10777, 496, 50, 8, '0', '2024-11-05 15:00:00'),
(10788, 174, 57, 8, '1', '2023-07-17 11:00:00'),
(10795, 429, 59, 8, '3', '2023-11-27 11:00:00'),
(10804, 89, 56, 8, '0', '2024-03-27 15:00:00'),
(10811, 179, 8, 8, '0', '2024-01-12 11:00:00'),
(10814, 140, 42, 8, '0', '2024-06-19 09:00:00'),
(10819, 140, 46, 8, '3', '2023-10-21 08:00:00'),
(10822, 429, 51, 8, '2', '2024-03-30 12:00:00'),
(10823, 140, 56, 8, '3', '2024-02-17 16:00:00'),
(10828, 179, 42, 8, '2', '2023-05-13 08:00:00'),
(10840, 179, 56, 8, '3', '2024-07-09 16:00:00'),
(10846, 290, 57, 8, '3', '2023-04-14 10:00:00'),
(10856, 140, 61, 8, '3', '2023-09-06 13:00:00'),
(10864, 429, 41, 8, '0', '2023-07-02 16:00:00'),
(10883, 479, 50, 8, '1', '2024-06-16 11:00:00'),
(10884, 140, 60, 8, '2', '2023-10-05 11:00:00'),
(10892, 89, 41, 8, '0', '2023-03-17 13:00:00'),
(10893, 496, 50, 8, '0', '2025-03-08 11:00:00'),
(10900, 89, 60, 8, '1', '2023-12-05 14:00:00'),
(10907, 89, 59, 8, '0', '2023-06-12 15:00:00'),
(10914, 98, 58, 8, '0', '2023-10-07 15:00:00'),
(10921, 179, 58, 8, '3', '2023-08-12 15:00:00'),
(10923, 290, 43, 8, '1', '2023-07-31 09:00:00'),
(10943, 179, 51, 8, '2', '2025-01-12 15:00:00'),
(10945, 179, 16, 8, '2', '2023-10-31 17:00:00'),
(10952, 290, 60, 8, '1', '2024-12-06 16:00:00'),
(10957, 479, 43, 8, '2', '2025-01-01 10:00:00'),
(10970, 429, 51, 8, '2', '2024-07-10 17:00:00'),
(10973, 140, 44, 8, '2', '2023-06-27 12:00:00'),
(10974, 174, 47, 8, '2', '2025-02-24 10:00:00'),
(10978, 179, 9, 8, '2', '2023-08-21 15:00:00'),
(10980, 140, 15, 8, '1', '2024-04-05 13:00:00'),
(10986, 174, 46, 8, '1', '2023-05-29 10:00:00'),
(10987, 89, 51, 8, '3', '2023-04-25 15:00:00'),
(10999, 89, 8, 8, '1', '2024-04-09 09:00:00'),
(11001, 290, 57, 8, '0', '2024-04-26 17:00:00'),
(11004, 179, 17, 8, '3', '2025-02-10 10:00:00'),
(11006, 290, 8, 8, '3', '2024-09-05 09:00:00'),
(11009, 290, 60, 8, '1', '2024-05-02 09:00:00'),
(11013, 290, 47, 8, '1', '2023-11-05 16:00:00'),
(11021, 89, 61, 8, '3', '2023-07-21 12:00:00'),
(11032, 179, 57, 8, '3', '2023-06-15 16:00:00'),
(11034, 429, 8, 8, '3', '2023-11-21 13:00:00'),
(11046, 179, 42, 8, '1', '2023-05-25 10:00:00'),
(11059, 479, 43, 8, '2', '2023-12-07 12:00:00'),
(11064, 429, 9, 8, '3', '2023-12-15 14:00:00'),
(11066, 179, 61, 8, '0', '2024-09-16 17:00:00'),
(11073, 179, 15, 8, '0', '2023-07-15 11:00:00'),
(11076, 429, 57, 8, '3', '2024-09-13 12:00:00'),
(11085, 140, 56, 8, '3', '2023-06-28 17:00:00'),
(11090, 290, 43, 8, '3', '2024-07-20 08:00:00'),
(11094, 174, 43, 8, '0', '2025-02-02 13:00:00'),
(11103, 179, 8, 8, '1', '2023-12-05 13:00:00'),
(11105, 140, 43, 8, '3', '2023-05-04 13:00:00'),
(11111, 429, 56, 8, '1', '2024-04-14 11:00:00'),
(11113, 140, 9, 8, '3', '2024-05-24 15:00:00'),
(11117, 179, 60, 8, '1', '2024-07-09 08:00:00'),
(11119, 179, 41, 8, '1', '2024-08-01 09:00:00'),
(11130, 290, 56, 8, '1', '2023-03-22 10:00:00'),
(11137, 174, 61, 8, '0', '2023-09-07 14:00:00'),
(11140, 174, 44, 8, '0', '2024-01-03 10:00:00'),
(11143, 179, 13, 8, '0', '2023-11-13 16:00:00'),
(11146, 89, 59, 8, '0', '2023-09-28 12:00:00'),
(11147, 89, 46, 8, '1', '2024-11-09 10:00:00'),
(11150, 290, 16, 8, '1', '2023-12-27 17:00:00'),
(11157, 89, 40, 8, '3', '2024-08-30 16:00:00'),
(11160, 290, 43, 8, '1', '2023-06-16 10:00:00'),
(11161, 179, 40, 8, '1', '2024-12-13 12:00:00'),
(11163, 290, 46, 8, '0', '2024-09-16 10:00:00'),
(11166, 140, 58, 8, '3', '2024-04-14 09:00:00'),
(11173, 290, 58, 8, '0', '2023-06-19 11:00:00'),
(11178, 429, 57, 8, '1', '2024-12-29 10:00:00'),
(11181, 174, 56, 8, '0', '2023-05-13 08:00:00'),
(11189, 174, 17, 8, '3', '2024-06-11 12:00:00'),
(11201, 429, 42, 8, '1', '2023-08-16 13:00:00'),
(11216, 429, 42, 8, '3', '2024-10-19 16:00:00'),
(11222, 429, 57, 8, '0', '2023-09-28 12:00:00'),
(11228, 89, 16, 8, '0', '2023-04-19 11:00:00'),
(11240, 290, 40, 8, '2', '2023-04-15 16:00:00'),
(11241, 140, 57, 8, '0', '2023-03-15 12:00:00'),
(11245, 89, 59, 8, '2', '2024-07-06 13:00:00'),
(11259, 174, 8, 8, '3', '2024-12-31 14:00:00'),
(11261, 89, 51, 8, '2', '2024-03-09 14:00:00'),
(11263, 140, 8, 8, '2', '2023-06-04 11:00:00'),
(11274, 179, 59, 8, '1', '2023-08-17 12:00:00'),
(11287, 89, 57, 8, '0', '2024-06-18 14:00:00'),
(11301, 479, 43, 8, '2', '2023-08-11 15:00:00'),
(11306, 140, 41, 8, '1', '2025-01-18 17:00:00'),
(11329, 89, 17, 8, '1', '2024-11-18 14:00:00'),
(11354, 174, 8, 8, '0', '2024-06-28 09:00:00'),
(11357, 290, 46, 8, '2', '2024-02-13 13:00:00'),
(11361, 429, 41, 8, '0', '2024-01-25 14:00:00'),
(11362, 140, 60, 8, '2', '2024-12-18 16:00:00'),
(11376, 179, 44, 8, '1', '2023-12-09 09:00:00'),
(11378, 429, 17, 8, '1', '2023-07-13 13:00:00'),
(11379, 429, 7, 8, '2', '2023-08-15 08:00:00'),
(11396, 174, 51, 8, '0', '2023-10-23 09:00:00'),
(11399, 290, 61, 8, '2', '2024-12-25 15:00:00'),
(11405, 429, 8, 8, '2', '2023-06-21 11:00:00'),
(11417, 429, 43, 8, '0', '2024-12-02 10:00:00'),
(11418, 179, 43, 8, '2', '2024-01-01 09:00:00'),
(11425, 429, 61, 8, '0', '2023-10-30 17:00:00'),
(11435, 174, 40, 8, '3', '2024-12-08 11:00:00'),
(11437, 179, 43, 8, '2', '2024-03-23 15:00:00'),
(11439, 174, 15, 8, '3', '2024-08-15 14:00:00'),
(11443, 174, 16, 8, '2', '2023-08-13 12:00:00'),
(11462, 89, 40, 8, '0', '2024-09-12 10:00:00'),
(11470, 89, 42, 8, '1', '2023-07-11 13:00:00'),
(11476, 140, 7, 8, '3', '2024-11-20 10:00:00'),
(11486, 290, 42, 8, '0', '2025-02-09 09:00:00'),
(11494, 290, 8, 8, '0', '2024-07-06 11:00:00'),
(11501, 174, 41, 8, '0', '2024-07-08 14:00:00'),
(11506, 290, 51, 8, '1', '2023-10-13 12:00:00'),
(11508, 76, 62, 8, '0', '2023-10-06 10:00:00'),
(11509, 179, 44, 8, '2', '2023-06-07 10:00:00'),
(11517, 140, 7, 8, '0', '2023-04-12 08:00:00'),
(11523, 140, 16, 8, '0', '2024-12-01 14:00:00'),
(11528, 76, 62, 8, '3', '2024-08-18 13:00:00'),
(11537, 140, 16, 8, '0', '2023-12-20 08:00:00'),
(11540, 174, 56, 8, '1', '2023-11-24 14:00:00'),
(11548, 89, 51, 8, '2', '2024-01-07 14:00:00'),
(11553, 429, 58, 8, '3', '2023-10-19 10:00:00'),
(11563, 140, 51, 8, '2', '2024-01-23 12:00:00'),
(11566, 429, 57, 8, '3', '2023-12-07 16:00:00'),
(11584, 89, 51, 8, '0', '2024-02-23 10:00:00'),
(11588, 140, 40, 8, '0', '2024-12-31 13:00:00'),
(11589, 140, 57, 8, '0', '2025-02-16 10:00:00'),
(11592, 179, 57, 8, '2', '2023-04-24 15:00:00'),
(11595, 89, 60, 8, '3', '2023-08-02 09:00:00'),
(11596, 290, 16, 8, '0', '2023-07-13 16:00:00'),
(11601, 179, 61, 8, '2', '2024-11-21 09:00:00'),
(11602, 174, 51, 8, '0', '2023-11-02 13:00:00');
INSERT INTO `ETU_competence_evaluation` (`id_competence_evaluation`, `id_etudiant`, `id_apprentissage_critique`, `id_evaluation_type`, `evaluation`, `date`) VALUES
(11604, 140, 61, 8, '0', '2024-04-14 13:00:00'),
(11606, 179, 56, 8, '1', '2024-04-27 14:00:00'),
(11609, 89, 13, 8, '1', '2023-04-06 08:00:00'),
(11618, 174, 58, 8, '0', '2024-04-14 13:00:00'),
(11619, 174, 17, 8, '3', '2023-05-21 16:00:00'),
(11629, 429, 46, 8, '2', '2023-05-24 14:00:00'),
(11636, 352, 62, 8, '0', '2025-01-13 14:00:00'),
(11642, 290, 40, 8, '0', '2025-02-27 13:00:00'),
(11645, 174, 51, 8, '1', '2023-11-25 13:00:00'),
(11646, 89, 58, 8, '2', '2024-01-31 14:00:00'),
(11648, 429, 46, 8, '3', '2024-07-13 16:00:00'),
(11654, 174, 13, 8, '1', '2024-07-26 14:00:00'),
(11664, 429, 58, 8, '2', '2023-10-17 13:00:00'),
(11669, 189, 62, 8, '0', '2024-12-25 11:00:00'),
(11681, 179, 59, 8, '2', '2024-10-16 10:00:00'),
(11688, 290, 51, 8, '1', '2024-01-17 16:00:00'),
(11698, 429, 8, 8, '2', '2023-05-03 10:00:00'),
(11702, 179, 7, 8, '0', '2024-09-01 16:00:00'),
(11703, 89, 57, 8, '2', '2023-05-01 11:00:00'),
(11704, 174, 51, 8, '2', '2023-04-28 14:00:00'),
(11718, 89, 56, 8, '3', '2023-07-09 14:00:00'),
(11720, 290, 58, 8, '0', '2024-12-13 15:00:00'),
(11724, 290, 46, 8, '3', '2024-10-15 16:00:00'),
(11750, 179, 16, 8, '0', '2023-08-27 11:00:00'),
(11757, 352, 58, 8, '3', '2023-03-25 16:00:00'),
(11760, 140, 51, 8, '0', '2023-10-19 11:00:00'),
(11761, 140, 43, 8, '3', '2024-05-03 09:00:00'),
(11766, 179, 17, 8, '3', '2024-01-23 11:00:00'),
(11770, 290, 51, 8, '3', '2023-12-14 12:00:00'),
(11771, 174, 46, 8, '3', '2024-06-26 15:00:00'),
(11780, 174, 9, 8, '2', '2024-10-24 09:00:00'),
(11787, 140, 42, 8, '1', '2024-08-12 14:00:00'),
(11790, 290, 9, 8, '3', '2024-10-16 12:00:00'),
(11803, 290, 7, 8, '1', '2024-04-27 11:00:00'),
(11811, 174, 59, 8, '0', '2024-03-19 10:00:00'),
(11815, 174, 42, 8, '2', '2024-03-08 16:00:00'),
(11826, 179, 59, 8, '1', '2024-03-22 09:00:00'),
(11832, 140, 57, 8, '1', '2024-06-09 09:00:00');

-- --------------------------------------------------------

--
-- Structure de la table `ETU_polypoint`
--

CREATE TABLE `ETU_polypoint` (
  `id_polypoint` int NOT NULL,
  `intitule` varchar(100) NOT NULL,
  `tache` varchar(50) NOT NULL,
  `nb_point` int NOT NULL,
  `annee_universitaire` varchar(9) NOT NULL,
  `id_etudiant` int NOT NULL
) ENGINE=InnoDB DEFAULT CHARSET=utf8mb4 COLLATE=utf8mb4_0900_ai_ci;

-- --------------------------------------------------------

--
-- Structure de la table `EXT_seance_planned`
--

CREATE TABLE `EXT_seance_planned` (
  `id_seance_planned` int NOT NULL,
  `id_seance_type` int NOT NULL,
  `date` datetime NOT NULL,
  `duree_h` time NOT NULL,
  `id_module` int NOT NULL,
  `id_enseignant` int NOT NULL
) ENGINE=InnoDB DEFAULT CHARSET=utf8mb4 COLLATE=utf8mb4_0900_ai_ci COMMENT='Data extracted from calendar system';

-- --------------------------------------------------------

--
-- Structure de la table `LNM_administratif`
--

CREATE TABLE `LNM_administratif` (
  `id_administratif` int NOT NULL,
  `nom` varchar(25) NOT NULL,
  `prenom` varchar(25) NOT NULL,
  `mail` varchar(50) NOT NULL,
  `password` varchar(100) NOT NULL,
  `password_updated` int NOT NULL DEFAULT '0'
) ENGINE=InnoDB DEFAULT CHARSET=utf8mb4 COLLATE=utf8mb4_0900_ai_ci;

--
-- Déchargement des données de la table `LNM_administratif`
--

INSERT INTO `LNM_administratif` (`id_administratif`, `nom`, `prenom`, `mail`, `password`, `password_updated`) VALUES
(1, 'Tartampion', 'Pierre', 'pierre.tartampion@truc.com', '$2y$10$zESfySbjXHm5w52l.eU4pe4L3lyiK5TPnLaNm7ca9Nqi9W74qxgVO', 0);

-- --------------------------------------------------------

--
-- Structure de la table `LNM_enseignant`
--

CREATE TABLE `LNM_enseignant` (
  `id_enseignant` int NOT NULL,
  `prenom` varchar(25) CHARACTER SET utf8mb4 COLLATE utf8mb4_0900_ai_ci NOT NULL,
  `nom` varchar(25) CHARACTER SET utf8mb4 COLLATE utf8mb4_0900_ai_ci NOT NULL,
  `mail` varchar(50) CHARACTER SET utf8mb4 COLLATE utf8mb4_0900_ai_ci DEFAULT NULL,
  `password` varchar(100) CHARACTER SET utf8mb4 COLLATE utf8mb4_0900_ai_ci DEFAULT NULL,
  `password_updated` int NOT NULL DEFAULT '0',
  `statut` enum('permanent','vacataire') CHARACTER SET utf8mb4 COLLATE utf8mb4_0900_ai_ci NOT NULL DEFAULT 'permanent',
  `id_discipline` int DEFAULT NULL,
  `composante` varchar(25) CHARACTER SET utf8mb4 COLLATE utf8mb4_0900_ai_ci DEFAULT NULL,
  `service statutaire` int NOT NULL,
  `décharge` int NOT NULL,
  `service effectif` float NOT NULL DEFAULT '192',
  `HCAutorisees` tinyint(1) NOT NULL DEFAULT '1',
  `commentaire` varchar(150) DEFAULT NULL
) ENGINE=InnoDB DEFAULT CHARSET=utf8mb4 COLLATE=utf8mb4_0900_ai_ci;

--
-- Déchargement des données de la table `LNM_enseignant`
--

INSERT INTO `LNM_enseignant` (`id_enseignant`, `prenom`, `nom`, `mail`, `password`, `password_updated`, `statut`, `id_discipline`, `composante`, `service statutaire`, `décharge`, `service effectif`, `HCAutorisees`, `commentaire`) VALUES
(6, 'FABRICE', 'LE SAINT', 'FABRICE.LE_SAINT@truc.com', '$2y$10$zESfySbjXHm5w52l.eU4pe4L3lyiK5TPnLaNm7ca9Nqi9W74qxgVO', 0, 'permanent', 1, 'Polytech', 192, 48, 144, 0, 'PAS HC : decharge PIX 48h'),
(8, 'CLAIRE', 'IRAOLA', 'CLAIRE.IRAOLA@truc.com', NULL, 0, 'permanent', 1, 'Polytech', 192, 96, 96, 1, '32h UNITA, 64h Hype13'),
(9, 'PIERRE-ANTOINE', 'PLAZONNET', 'PIERRE-ANTOINE.PLAZONNET@truc.com', NULL, 0, 'permanent', 1, 'Polytech', 96, 0, 96, 1, 'USMB 96h + Polytech 30h (126h)'),
(10, 'QUENTIN', 'MORIAUX', 'QUENTIN.MORIAUX@truc.com', NULL, 0, 'permanent', 1, 'Polytech', 192, 0, 192, 1, NULL),
(11, 'LAETICIA', 'COUBLE', 'LAETICIA.COUBLE@truc.com', NULL, 0, 'permanent', 1, 'Polytech', 192, 192, 0, 1, 'Arret'),
(12, 'BENOIT', 'DILHAC', 'BENOIT.DILHAC@truc.com', NULL, 0, 'permanent', 1, 'Polytech', 192, 0, 192, 1, '51h TS'),
(13, 'STEPHANIE', 'PINCELOUP', 'STEPHANIE.PINCELOUP@truc.com', NULL, 0, 'permanent', 1, 'Polytech', 192, 0, 192, 1, NULL),
(14, 'AMELIE', 'CODRON', 'AMELIE.CODRON@truc.com', '$2y$10$zESfySbjXHm5w52l.eU4pe4L3lyiK5TPnLaNm7ca9Nqi9W74qxgVO', 0, 'permanent', 1, 'Polytech', 192, 0, 192, 1, NULL),
(15, 'FLORENCE', 'SERRE', 'FLORENCE.SERRE@truc.com', NULL, 0, 'permanent', 1, 'Polytech', 192, 16, 176, 1, 'Decharge 16h Dir LISTIC'),
(16, 'FLORENCE', 'PY', 'FLORENCE.PY@truc.com', NULL, 0, 'permanent', 1, 'Polytech', 192, 0, 192, 1, NULL),
(17, 'MATHIEU', 'LE DREVO', 'MATHIEU.LE_DREVO@truc.com', NULL, 0, 'permanent', 1, 'Polytech', 192, 116, 76, 0, 'mise à disposition DGESIP 60%'),
(18, 'SEBASTIEN', 'BOCHET', 'SEBASTIEN.BOCHET@truc.com', NULL, 0, 'permanent', 1, 'Polytech', 192, 30, 162, 1, NULL),
(19, 'NICOLAS', 'CUCCO', 'NICOLAS.CUCCO@truc.com', NULL, 0, 'permanent', 1, 'Polytech', 192, 36, 156, 1, '73,5 EASI'),
(21, 'BENJAMIN', 'VIVES', 'BENJAMIN.VIVES@truc.com', NULL, 0, 'vacataire', 1, '', 0, 0, 0, 1, NULL),
(23, 'STEPHANE', 'BEQUET', 'STEPHANE.BEQUET@truc.com', NULL, 0, 'vacataire', 1, '', 0, 0, 0, 1, 'Doc 64h max '),
(24, 'ARNAUD', 'BEURDELEY THOMAS', 'ARNAUD.BEURDELEY_THOMAS@truc.com', NULL, 0, 'permanent', NULL, 'Polytech', 0, 0, 0, 1, NULL),
(25, 'YANN', 'HEALY', 'YANN.HEALY@truc.com', NULL, 0, 'vacataire', 1, '', 0, 0, 0, 1, NULL),
(28, 'ALBAN', 'AYMES', 'ALBAN.AYMES@truc.com', NULL, 0, 'vacataire', 1, '', 0, 0, 0, 0, 'Doc 64h max '),
(29, 'CYRILLE', 'CHEMANA', 'CYRILLE.CHEMANA@truc.com', NULL, 0, 'vacataire', 1, '', 0, 0, 0, 1, 'PRAG de SceM'),
(30, 'YOANN', 'BRASSE', 'YOANN.BRASSE@truc.com', NULL, 0, 'vacataire', 1, '', 0, 0, 0, 1, 'McF SYMME/Polytech'),
(32, 'CEDRIC', 'ALVERA', 'CEDRIC.ALVERA@truc.com', NULL, 0, 'vacataire', 1, '', 0, 0, 0, 1, NULL),
(33, 'PASCALE', 'PLANELLES', 'PASCALE.PLANELLES@truc.com', NULL, 0, 'vacataire', 1, '', 0, 0, 0, 1, NULL),
(34, 'DAMIEN', 'LANGUILLAT', 'DAMIEN.LANGUILLAT@truc.com', NULL, 0, 'permanent', NULL, '', 0, 0, 0, 1, NULL),
(36, 'CELINE', 'MAITROT', 'CELINE.MAITROT@truc.com', NULL, 0, 'vacataire', 1, '', 0, 0, 0, 1, NULL),
(37, 'YOANN', 'VIARD CRETAT', 'YOANN.VIARD_CRETAT@truc.com', NULL, 0, 'vacataire', 1, '', 0, 0, 0, 1, NULL),
(38, 'LAURENT', 'PONCEAU', 'LAURENT.PONCEAU@truc.com', '$2y$10$zESfySbjXHm5w52l.eU4pe4L3lyiK5TPnLaNm7ca9Nqi9W74qxgVO', 0, 'vacataire', NULL, '', 0, 0, 0, 1, NULL),
(39, 'AUBRY', 'KURTZ', 'AUBRY.KURTZ@truc.com', NULL, 0, 'vacataire', 1, '', 0, 0, 0, 0, 'Doc 64h max '),
(41, 'EMMANUELLE', 'MAGNARD', 'EMMANUELLE.MAGNARD@truc.com', NULL, 0, 'vacataire', NULL, '', 0, 0, 0, 0, 'Doc 64h max '),
(42, 'STEPHANE', 'MARTIN', 'STEPHANE.MARTIN@truc.com', NULL, 0, 'vacataire', 1, '', 0, 0, 0, 0, 'Doc 64h max '),
(43, 'LAETITIA', 'MATHIEU', 'LAETITIA.MATHIEU@truc.com', NULL, 0, 'vacataire', 1, '', 0, 0, 0, 0, 'Doc 64h max '),
(44, 'CEDRIC', 'LE TOUTOUZE', 'CEDRIC.LE_TOUTOUZE@truc.com', NULL, 0, 'vacataire', 1, '', 0, 0, 0, 0, 'Doc 64h max '),
(45, 'REMI', 'MACCARIO', 'REMI.MACCARIO@truc.com', NULL, 0, 'vacataire', 1, '', 0, 0, 0, 0, 'Doc 64h max '),
(46, 'DIMITRI', 'ANTONIN MORCH', 'DIMITRI.ANTONIN_MORCH@truc.com', NULL, 0, 'vacataire', NULL, '', 0, 0, 0, 0, 'Doc 64h max '),
(47, 'JULIANNE', 'SOUDAN', 'JULIANNE.SOUDAN@truc.com', NULL, 0, 'vacataire', 1, '', 0, 0, 0, 0, 'Doc 64h max '),
(49, 'NATHALIE', 'GELAS', 'NATHALIE.GELAS@truc.com', NULL, 0, 'vacataire', 1, NULL, 0, 0, 0, 1, NULL),
(51, 'PIERRE', 'ACHARD', 'PIERRE.ACHARD@truc.com', NULL, 0, 'permanent', 1, NULL, 96, 0, 96, 1, NULL),
(52, 'DANIEL', 'MALIKIAN', 'DANIEL.MALIKIAN@truc.com', NULL, 0, 'vacataire', 1, NULL, 0, 0, 0, 1, 'Doc 64h max '),
(53, 'FLORENCE', 'MOISSIARD', 'FLORENCE.MOISSIARD@truc.com', NULL, 0, 'vacataire', 1, NULL, 0, 0, 0, 1, 'Doc Bourget 64h max '),
(54, 'NATHALIE', 'KOBES', 'NATHALIE.KOBES@truc.com', NULL, 0, 'vacataire', NULL, NULL, 0, 0, 0, 1, NULL),
(55, 'MARC', 'WESTENHOFER', 'MARC.WESTENHOFER@truc.com', NULL, 0, 'vacataire', NULL, NULL, 0, 0, 0, 1, NULL),
(56, 'MICHAEL', 'BALAY', 'MICHAEL.BALAY@truc.com', NULL, 0, 'vacataire', 1, NULL, 0, 0, 0, 1, NULL),
(57, 'MICKAEL', 'GRABIT', 'MICKAEL.GRABIT@truc.com', NULL, 0, 'vacataire', NULL, NULL, 0, 0, 0, 1, NULL),
(58, 'LUDOVIC', 'GIRARDOT', 'LUDOVIC.GIRARDOT@truc.com', NULL, 0, 'vacataire', NULL, NULL, 0, 0, 0, 1, NULL),
(59, 'BRICE', 'PETITJEAN', 'BRICE.PETITJEAN@truc.com', NULL, 0, 'vacataire', NULL, NULL, 0, 0, 0, 1, NULL),
(60, 'NADINE', 'SERAND', 'NADINE.SERAND@truc.com', NULL, 0, 'vacataire', NULL, NULL, 0, 0, 0, 1, NULL),
(61, 'CHRISTOPHE', 'LIEGE', 'CHRISTOPHE.LIEGE@truc.com', NULL, 0, 'vacataire', NULL, NULL, 0, 0, 0, 1, NULL),
(62, 'CELINE', 'HENRY', 'CELINE.HENRY@truc.com', NULL, 0, 'vacataire', NULL, NULL, 0, 0, 0, 1, NULL),
(63, 'CELINE', 'PUBERL', 'CELINE.PUBERL@truc.com', NULL, 0, 'vacataire', NULL, NULL, 0, 0, 0, 1, NULL),
(64, 'ERIC', 'LE MOAL', 'ERIC.LE_MOAL@truc.com', NULL, 0, 'vacataire', NULL, NULL, 0, 0, 0, 1, NULL),
(65, 'CATHERINE', 'LOISEAU', 'CATHERINE.LOISEAU@truc.com', NULL, 0, 'permanent', 1, 'Polytech', 192, 64, 128, 0, NULL);

-- --------------------------------------------------------

--
-- Structure de la table `LNM_etudiant`
--

CREATE TABLE `LNM_etudiant` (
  `id_etudiant` int NOT NULL,
  `nom` varchar(25) NOT NULL,
  `prenom` varchar(25) NOT NULL,
  `mail` varchar(50) NOT NULL,
  `password` varchar(100) NOT NULL,
  `password_updated` int NOT NULL DEFAULT '0',
  `id_promo` int NOT NULL,
  `id_origine` int DEFAULT NULL
) ENGINE=InnoDB DEFAULT CHARSET=utf8mb4 COLLATE=utf8mb4_0900_ai_ci;

--
-- Déchargement des données de la table `LNM_etudiant`
--

INSERT INTO `LNM_etudiant` (`id_etudiant`, `nom`, `prenom`, `mail`, `password`, `password_updated`, `id_promo`, `id_origine`) VALUES
(15, 'DE LORENZI', 'MARC', 'MARC.DE LORENZI@machin.com', '$2y$12$xf7wgqNCc1U3YM2KfLxAIeiAYLo.qtkzfm3j2jaaSRwh6tpTp72wm', 0, 5, NULL),
(21, 'JOLY', 'CELINE', 'CELINE.JOLY@machin.com', '$2y$12$xf7wgqNCc1U3YM2KfLxAIeiAYLo.qtkzfm3j2jaaSRwh6tpTp72wm', 0, 16, NULL),
(25, 'TIRAT', 'ALINE', 'ALINE.TIRAT@machin.com', '$2y$12$xf7wgqNCc1U3YM2KfLxAIeiAYLo.qtkzfm3j2jaaSRwh6tpTp72wm', 0, 5, NULL),
(30, 'MOESL', 'AURELIE', 'AURELIE.MOESL@machin.com', '$2y$12$xf7wgqNCc1U3YM2KfLxAIeiAYLo.qtkzfm3j2jaaSRwh6tpTp72wm', 0, 15, NULL),
(38, 'DARY', 'CYRILLE', 'CYRILLE.DARY@machin.com', '$2y$12$xf7wgqNCc1U3YM2KfLxAIeiAYLo.qtkzfm3j2jaaSRwh6tpTp72wm', 0, 5, NULL),
(44, 'JUNG', 'VINCENT', 'VINCENT.JUNG@machin.com', '$2y$12$xf7wgqNCc1U3YM2KfLxAIeiAYLo.qtkzfm3j2jaaSRwh6tpTp72wm', 0, 5, NULL),
(46, 'ALMERAS', 'FABRICE', 'FABRICE.ALMERAS@machin.com', '$2y$12$xf7wgqNCc1U3YM2KfLxAIeiAYLo.qtkzfm3j2jaaSRwh6tpTp72wm', 0, 16, NULL),
(47, 'TARDIEU', 'NICOLAS', 'NICOLAS.TARDIEU@machin.com', '$2y$12$xf7wgqNCc1U3YM2KfLxAIeiAYLo.qtkzfm3j2jaaSRwh6tpTp72wm', 0, 16, NULL),
(49, 'BESNOUIN', 'LAURENCE', 'LAURENCE.BESNOUIN@machin.com', '$2y$12$xf7wgqNCc1U3YM2KfLxAIeiAYLo.qtkzfm3j2jaaSRwh6tpTp72wm', 0, 15, NULL),
(50, 'POIRAUD', 'NICOLAS', 'NICOLAS.POIRAUD@machin.com', '$2y$12$xf7wgqNCc1U3YM2KfLxAIeiAYLo.qtkzfm3j2jaaSRwh6tpTp72wm', 0, 16, NULL),
(58, 'BRETONNIER', 'SABRINA', 'SABRINA.BRETONNIER@machin.com', '$2y$12$xf7wgqNCc1U3YM2KfLxAIeiAYLo.qtkzfm3j2jaaSRwh6tpTp72wm', 0, 15, NULL),
(63, 'THUET', 'MYRIAM', 'MYRIAM.THUET@machin.com', '$2y$12$xf7wgqNCc1U3YM2KfLxAIeiAYLo.qtkzfm3j2jaaSRwh6tpTp72wm', 0, 5, NULL),
(65, 'TEPPOZ', 'LAURENT', 'LAURENT.TEPPOZ@machin.com', '$2y$12$xf7wgqNCc1U3YM2KfLxAIeiAYLo.qtkzfm3j2jaaSRwh6tpTp72wm', 0, 16, NULL),
(67, 'BOULLE', 'ADELINE', 'ADELINE.BOULLE@machin.com', '$2y$12$xf7wgqNCc1U3YM2KfLxAIeiAYLo.qtkzfm3j2jaaSRwh6tpTp72wm', 0, 16, NULL),
(75, 'PAVIET', 'FREDERIC', 'FREDERIC.PAVIET@machin.com', '$2y$12$xf7wgqNCc1U3YM2KfLxAIeiAYLo.qtkzfm3j2jaaSRwh6tpTp72wm', 0, 5, NULL),
(76, 'SAUGEY', 'REGIS', 'REGIS.SAUGEY@machin.com', '$2y$12$xf7wgqNCc1U3YM2KfLxAIeiAYLo.qtkzfm3j2jaaSRwh6tpTp72wm', 0, 15, NULL),
(79, 'CHAMPION', 'NICOLAS', 'NICOLAS.CHAMPION@machin.com', '$2y$12$xf7wgqNCc1U3YM2KfLxAIeiAYLo.qtkzfm3j2jaaSRwh6tpTp72wm', 0, 5, NULL),
(85, 'AUFFRET', 'YVICK', 'YVICK.AUFFRET@machin.com', '$2y$12$xf7wgqNCc1U3YM2KfLxAIeiAYLo.qtkzfm3j2jaaSRwh6tpTp72wm', 0, 16, NULL),
(87, 'LOUP', 'CORINNE', 'CORINNE.LOUP@machin.com', '$2y$12$xf7wgqNCc1U3YM2KfLxAIeiAYLo.qtkzfm3j2jaaSRwh6tpTp72wm', 0, 15, NULL),
(89, 'LATSCHA', 'ANNE-AUDREY', 'ANNE-AUDREY.LATSCHA@machin.com', '$2y$12$xf7wgqNCc1U3YM2KfLxAIeiAYLo.qtkzfm3j2jaaSRwh6tpTp72wm', 0, 16, NULL),
(90, 'KOCH', 'SEBASTIEN', 'SEBASTIEN.KOCH@machin.com', '$2y$12$xf7wgqNCc1U3YM2KfLxAIeiAYLo.qtkzfm3j2jaaSRwh6tpTp72wm', 0, 15, NULL),
(96, 'KARRASCH', 'OLIVIER', 'OLIVIER.KARRASCH@machin.com', '$2y$12$xf7wgqNCc1U3YM2KfLxAIeiAYLo.qtkzfm3j2jaaSRwh6tpTp72wm', 0, 5, NULL),
(98, 'GEY', 'GIAN-MARCIO', 'GIAN-MARCIO.GEY@machin.com', '$2y$12$xf7wgqNCc1U3YM2KfLxAIeiAYLo.qtkzfm3j2jaaSRwh6tpTp72wm', 0, 15, NULL),
(101, 'SURGET', 'JULIE', 'JULIE.SURGET@machin.com', '$2y$12$xf7wgqNCc1U3YM2KfLxAIeiAYLo.qtkzfm3j2jaaSRwh6tpTp72wm', 0, 15, NULL),
(113, 'MEYER', 'OLIVIER', 'OLIVIER.MEYER@machin.com', '$2y$12$xf7wgqNCc1U3YM2KfLxAIeiAYLo.qtkzfm3j2jaaSRwh6tpTp72wm', 0, 15, NULL),
(115, 'VAXELAIRE', 'STEPHANE', 'STEPHANE.VAXELAIRE@machin.com', '$2y$12$xf7wgqNCc1U3YM2KfLxAIeiAYLo.qtkzfm3j2jaaSRwh6tpTp72wm', 0, 5, NULL),
(116, 'VALLET', 'BERTRAND', 'BERTRAND.VALLET@machin.com', '$2y$12$xf7wgqNCc1U3YM2KfLxAIeiAYLo.qtkzfm3j2jaaSRwh6tpTp72wm', 0, 16, NULL),
(121, 'CLARENS', 'MATHILDE', 'MATHILDE.CLARENS@machin.com', '$2y$12$xf7wgqNCc1U3YM2KfLxAIeiAYLo.qtkzfm3j2jaaSRwh6tpTp72wm', 0, 15, NULL),
(122, 'JOS', 'GREGORY', 'GREGORY.JOS@machin.com', '$2y$12$xf7wgqNCc1U3YM2KfLxAIeiAYLo.qtkzfm3j2jaaSRwh6tpTp72wm', 0, 5, NULL),
(140, 'GASNIER', 'CLAIRE', 'CLAIRE.GASNIER@machin.com', '$2y$12$xf7wgqNCc1U3YM2KfLxAIeiAYLo.qtkzfm3j2jaaSRwh6tpTp72wm', 0, 5, NULL),
(144, 'CAFFOT', 'CELINE', 'CELINE.CAFFOT@machin.com', '$2y$12$xf7wgqNCc1U3YM2KfLxAIeiAYLo.qtkzfm3j2jaaSRwh6tpTp72wm', 0, 16, NULL),
(146, 'LOPEZ', 'BRUNO', 'BRUNO.LOPEZ@machin.com', '$2y$12$xf7wgqNCc1U3YM2KfLxAIeiAYLo.qtkzfm3j2jaaSRwh6tpTp72wm', 0, 5, NULL),
(158, 'HUCK', 'PATRICE', 'PATRICE.HUCK@machin.com', '$2y$12$xf7wgqNCc1U3YM2KfLxAIeiAYLo.qtkzfm3j2jaaSRwh6tpTp72wm', 0, 15, NULL),
(162, 'DISSON', 'ARNAUD', 'ARNAUD.DISSON@machin.com', '$2y$12$xf7wgqNCc1U3YM2KfLxAIeiAYLo.qtkzfm3j2jaaSRwh6tpTp72wm', 0, 15, NULL),
(163, 'VIOUGEAS', 'JESSY', 'JESSY.VIOUGEAS@machin.com', '$2y$12$xf7wgqNCc1U3YM2KfLxAIeiAYLo.qtkzfm3j2jaaSRwh6tpTp72wm', 0, 16, NULL),
(164, 'TALLUZO', 'LAURIE', 'LAURIE.TALLUZO@machin.com', '$2y$12$xf7wgqNCc1U3YM2KfLxAIeiAYLo.qtkzfm3j2jaaSRwh6tpTp72wm', 0, 15, NULL),
(168, 'FORMOSA', 'LIONEL', 'LIONEL.FORMOSA@machin.com', '$2y$12$xf7wgqNCc1U3YM2KfLxAIeiAYLo.qtkzfm3j2jaaSRwh6tpTp72wm', 0, 15, NULL),
(172, 'LENFANT', 'MATHIEU', 'MATHIEU.LENFANT@machin.com', '$2y$12$xf7wgqNCc1U3YM2KfLxAIeiAYLo.qtkzfm3j2jaaSRwh6tpTp72wm', 0, 16, NULL),
(174, 'NOWAK', 'GUILLAUME', 'GUILLAUME.NOWAK@machin.com', '$2y$12$xf7wgqNCc1U3YM2KfLxAIeiAYLo.qtkzfm3j2jaaSRwh6tpTp72wm', 0, 16, NULL),
(175, 'FREGAVILLE', 'OLIVIER', 'OLIVIER.FREGAVILLE@machin.com', '$2y$12$xf7wgqNCc1U3YM2KfLxAIeiAYLo.qtkzfm3j2jaaSRwh6tpTp72wm', 0, 5, NULL),
(178, 'MAS', 'JEAN SEBASTIEN', 'JEAN SEBASTIEN.MAS@machin.com', '$2y$12$xf7wgqNCc1U3YM2KfLxAIeiAYLo.qtkzfm3j2jaaSRwh6tpTp72wm', 0, 16, NULL),
(179, 'LEPONT', 'LAURENCE', 'LAURENCE.LEPONT@machin.com', '$2y$12$xf7wgqNCc1U3YM2KfLxAIeiAYLo.qtkzfm3j2jaaSRwh6tpTp72wm', 0, 16, NULL),
(185, 'SAPALY', 'NICOLAS', 'NICOLAS.SAPALY@machin.com', '$2y$12$xf7wgqNCc1U3YM2KfLxAIeiAYLo.qtkzfm3j2jaaSRwh6tpTp72wm', 0, 5, NULL),
(187, 'TRUNKENWALD', 'ANDRE', 'ANDRE.TRUNKENWALD@machin.com', '$2y$12$xf7wgqNCc1U3YM2KfLxAIeiAYLo.qtkzfm3j2jaaSRwh6tpTp72wm', 0, 15, NULL),
(189, 'TRUONG', 'BRICE', 'BRICE.TRUONG@machin.com', '$2y$12$xf7wgqNCc1U3YM2KfLxAIeiAYLo.qtkzfm3j2jaaSRwh6tpTp72wm', 0, 16, NULL),
(194, 'MERIC', 'OMBELINE', 'OMBELINE.MERIC@machin.com', '$2y$12$xf7wgqNCc1U3YM2KfLxAIeiAYLo.qtkzfm3j2jaaSRwh6tpTp72wm', 0, 5, NULL),
(201, 'VALAYER', 'SONIA', 'SONIA.VALAYER@machin.com', '$2y$12$xf7wgqNCc1U3YM2KfLxAIeiAYLo.qtkzfm3j2jaaSRwh6tpTp72wm', 0, 16, NULL),
(202, 'BEGAT', 'VERONIQUE', 'VERONIQUE.BEGAT@machin.com', '$2y$12$xf7wgqNCc1U3YM2KfLxAIeiAYLo.qtkzfm3j2jaaSRwh6tpTp72wm', 0, 16, NULL),
(212, 'PETIT', 'SILVERE', 'SILVERE.PETIT@machin.com', '$2y$12$xf7wgqNCc1U3YM2KfLxAIeiAYLo.qtkzfm3j2jaaSRwh6tpTp72wm', 0, 15, NULL),
(217, 'BARIOU', 'MATHIEU', 'MATHIEU.BARIOU@machin.com', '$2y$12$xf7wgqNCc1U3YM2KfLxAIeiAYLo.qtkzfm3j2jaaSRwh6tpTp72wm', 0, 5, NULL),
(220, 'DEPAEPE', 'FREDERIC', 'FREDERIC.DEPAEPE@machin.com', '$2y$12$xf7wgqNCc1U3YM2KfLxAIeiAYLo.qtkzfm3j2jaaSRwh6tpTp72wm', 0, 5, NULL),
(221, 'DALUZEAU', 'AURELIE', 'AURELIE.DALUZEAU@machin.com', '$2y$12$xf7wgqNCc1U3YM2KfLxAIeiAYLo.qtkzfm3j2jaaSRwh6tpTp72wm', 0, 15, NULL),
(223, 'MAURAT', 'EMMANUELLE', 'EMMANUELLE.MAURAT@machin.com', '$2y$12$xf7wgqNCc1U3YM2KfLxAIeiAYLo.qtkzfm3j2jaaSRwh6tpTp72wm', 0, 15, NULL),
(224, 'CHONE', 'EMMANUELLE', 'EMMANUELLE.CHONE@machin.com', '$2y$12$xf7wgqNCc1U3YM2KfLxAIeiAYLo.qtkzfm3j2jaaSRwh6tpTp72wm', 0, 16, NULL),
(227, 'CERQUA', 'CYRIL', 'CYRIL.CERQUA@machin.com', '$2y$12$xf7wgqNCc1U3YM2KfLxAIeiAYLo.qtkzfm3j2jaaSRwh6tpTp72wm', 0, 5, NULL),
(230, 'VANDOOREN', 'BENOIT', 'BENOIT.VANDOOREN@machin.com', '$2y$12$xf7wgqNCc1U3YM2KfLxAIeiAYLo.qtkzfm3j2jaaSRwh6tpTp72wm', 0, 15, NULL),
(232, 'NOUGUIER', 'VINCENT', 'VINCENT.NOUGUIER@machin.com', '$2y$12$xf7wgqNCc1U3YM2KfLxAIeiAYLo.qtkzfm3j2jaaSRwh6tpTp72wm', 0, 15, NULL),
(237, 'PEETERS', 'LYDIA', 'LYDIA.PEETERS@machin.com', '$2y$12$xf7wgqNCc1U3YM2KfLxAIeiAYLo.qtkzfm3j2jaaSRwh6tpTp72wm', 0, 15, NULL),
(238, 'DELMAS', 'SANDRA', 'SANDRA.DELMAS@machin.com', '$2y$12$xf7wgqNCc1U3YM2KfLxAIeiAYLo.qtkzfm3j2jaaSRwh6tpTp72wm', 0, 5, NULL),
(251, 'PERAUD', 'JEAN CHRISTOPHE', 'JEAN CHRISTOPHE.PERAUD@machin.com', '$2y$12$xf7wgqNCc1U3YM2KfLxAIeiAYLo.qtkzfm3j2jaaSRwh6tpTp72wm', 0, 16, NULL),
(255, 'AUBARD', 'BENOIT', 'BENOIT.AUBARD@machin.com', '$2y$12$xf7wgqNCc1U3YM2KfLxAIeiAYLo.qtkzfm3j2jaaSRwh6tpTp72wm', 0, 16, NULL),
(262, 'STRACHE', 'JULIEN', 'JULIEN.STRACHE@machin.com', '$2y$12$xf7wgqNCc1U3YM2KfLxAIeiAYLo.qtkzfm3j2jaaSRwh6tpTp72wm', 0, 15, NULL),
(265, 'LECLER', 'MARIE THERESE', 'MARIE THERESE.LECLER@machin.com', '$2y$12$xf7wgqNCc1U3YM2KfLxAIeiAYLo.qtkzfm3j2jaaSRwh6tpTp72wm', 0, 15, NULL),
(266, 'COURDON', 'JEAN PHILIPPE', 'JEAN PHILIPPE.COURDON@machin.com', '$2y$12$xf7wgqNCc1U3YM2KfLxAIeiAYLo.qtkzfm3j2jaaSRwh6tpTp72wm', 0, 15, NULL),
(270, 'BAILLEUL', 'CHARLOTTE', 'CHARLOTTE.BAILLEUL@machin.com', '$2y$12$xf7wgqNCc1U3YM2KfLxAIeiAYLo.qtkzfm3j2jaaSRwh6tpTp72wm', 0, 5, NULL),
(272, 'ROUX', 'ANNABELLE', 'ANNABELLE.ROUX@machin.com', '$2y$12$xf7wgqNCc1U3YM2KfLxAIeiAYLo.qtkzfm3j2jaaSRwh6tpTp72wm', 0, 16, NULL),
(284, 'LEONARD', 'Sebastien', 'Sebastien.LEONARD@machin.com', '$2y$12$xf7wgqNCc1U3YM2KfLxAIeiAYLo.qtkzfm3j2jaaSRwh6tpTp72wm', 0, 5, NULL),
(287, 'RANDRIAMAMONJY', 'Teda', 'Teda.RANDRIAMAMONJY@machin.com', '$2y$12$xf7wgqNCc1U3YM2KfLxAIeiAYLo.qtkzfm3j2jaaSRwh6tpTp72wm', 0, 5, NULL),
(290, 'BORDET', 'Cedric', 'Cedric.BORDET@machin.com', '$2y$12$xf7wgqNCc1U3YM2KfLxAIeiAYLo.qtkzfm3j2jaaSRwh6tpTp72wm', 0, 15, NULL),
(293, 'POGUET', 'Lionel', 'Lionel.POGUET@machin.com', '$2y$12$xf7wgqNCc1U3YM2KfLxAIeiAYLo.qtkzfm3j2jaaSRwh6tpTp72wm', 0, 16, NULL),
(303, 'MEGEVAND', 'Marc', 'Marc.MEGEVAND@machin.com', '$2y$12$xf7wgqNCc1U3YM2KfLxAIeiAYLo.qtkzfm3j2jaaSRwh6tpTp72wm', 0, 16, NULL),
(304, 'BROSSART', 'Valerie', 'Valerie.BROSSART@machin.com', '$2y$12$xf7wgqNCc1U3YM2KfLxAIeiAYLo.qtkzfm3j2jaaSRwh6tpTp72wm', 0, 5, NULL),
(305, 'MARQUES', 'Frederic', 'Frederic.MARQUES@machin.com', '$2y$12$xf7wgqNCc1U3YM2KfLxAIeiAYLo.qtkzfm3j2jaaSRwh6tpTp72wm', 0, 16, NULL),
(307, 'SELLIER', 'Pierre', 'Pierre.SELLIER@machin.com', '$2y$12$xf7wgqNCc1U3YM2KfLxAIeiAYLo.qtkzfm3j2jaaSRwh6tpTp72wm', 0, 16, NULL),
(312, 'PEREZ', 'Bruno', 'Bruno.PEREZ@machin.com', '$2y$12$xf7wgqNCc1U3YM2KfLxAIeiAYLo.qtkzfm3j2jaaSRwh6tpTp72wm', 0, 15, NULL),
(314, 'BEHNAM', 'Alexandre', 'Alexandre.BEHNAM@machin.com', '$2y$12$xf7wgqNCc1U3YM2KfLxAIeiAYLo.qtkzfm3j2jaaSRwh6tpTp72wm', 0, 5, NULL),
(316, 'DADOUCH', 'Anas', 'Anas.DADOUCH@machin.com', '$2y$12$xf7wgqNCc1U3YM2KfLxAIeiAYLo.qtkzfm3j2jaaSRwh6tpTp72wm', 0, 16, NULL),
(321, 'VILLIBORD', 'Eric', 'Eric.VILLIBORD@machin.com', '$2y$12$xf7wgqNCc1U3YM2KfLxAIeiAYLo.qtkzfm3j2jaaSRwh6tpTp72wm', 0, 16, NULL),
(323, 'PERROTIN', 'Lionel', 'Lionel.PERROTIN@machin.com', '$2y$12$xf7wgqNCc1U3YM2KfLxAIeiAYLo.qtkzfm3j2jaaSRwh6tpTp72wm', 0, 16, NULL),
(327, 'CUENOT', 'Alexandre', 'Alexandre.CUENOT@machin.com', '$2y$12$xf7wgqNCc1U3YM2KfLxAIeiAYLo.qtkzfm3j2jaaSRwh6tpTp72wm', 0, 16, NULL),
(342, 'MOLLIER', 'Cyril', 'Cyril.MOLLIER@machin.com', '$2y$12$xf7wgqNCc1U3YM2KfLxAIeiAYLo.qtkzfm3j2jaaSRwh6tpTp72wm', 0, 5, NULL),
(352, 'BOSSI', 'Damien', 'Damien.BOSSI@machin.com', '$2y$12$xf7wgqNCc1U3YM2KfLxAIeiAYLo.qtkzfm3j2jaaSRwh6tpTp72wm', 0, 5, NULL),
(353, 'ROY', 'Jereme', 'Jereme.ROY@machin.com', '$2y$12$xf7wgqNCc1U3YM2KfLxAIeiAYLo.qtkzfm3j2jaaSRwh6tpTp72wm', 0, 15, NULL),
(355, 'COURTAT', 'Fabien', 'Fabien.COURTAT@machin.com', '$2y$12$xf7wgqNCc1U3YM2KfLxAIeiAYLo.qtkzfm3j2jaaSRwh6tpTp72wm', 0, 16, NULL),
(356, 'BENIT', 'David', 'David.BENIT@machin.com', '$2y$12$xf7wgqNCc1U3YM2KfLxAIeiAYLo.qtkzfm3j2jaaSRwh6tpTp72wm', 0, 16, NULL),
(360, 'MOURET', 'Christophe', 'Christophe.MOURET@machin.com', '$2y$12$xf7wgqNCc1U3YM2KfLxAIeiAYLo.qtkzfm3j2jaaSRwh6tpTp72wm', 0, 15, NULL),
(374, 'DUMORTIER', 'Laurent', 'Laurent.DUMORTIER@machin.com', '$2y$12$xf7wgqNCc1U3YM2KfLxAIeiAYLo.qtkzfm3j2jaaSRwh6tpTp72wm', 0, 15, NULL),
(387, 'ROUSSEAU', 'Jean Philippe', 'Jean Philippe.ROUSSEAU@machin.com', '$2y$12$xf7wgqNCc1U3YM2KfLxAIeiAYLo.qtkzfm3j2jaaSRwh6tpTp72wm', 0, 15, NULL),
(395, 'AUBRUN', 'Antony', 'Antony.AUBRUN@machin.com', '$2y$12$xf7wgqNCc1U3YM2KfLxAIeiAYLo.qtkzfm3j2jaaSRwh6tpTp72wm', 0, 16, NULL),
(403, 'ABRAHAM', 'Robert', 'Robert.ABRAHAM@machin.com', '$2y$12$xf7wgqNCc1U3YM2KfLxAIeiAYLo.qtkzfm3j2jaaSRwh6tpTp72wm', 0, 16, NULL),
(412, 'ABDOUMKADER', 'Bourhan', 'Bourhan.ABDOUMKADER@machin.com', '$2y$12$xf7wgqNCc1U3YM2KfLxAIeiAYLo.qtkzfm3j2jaaSRwh6tpTp72wm', 0, 15, NULL),
(415, 'ALEZAIS', 'Remi', 'Remi.ALEZAIS@machin.com', '$2y$12$xf7wgqNCc1U3YM2KfLxAIeiAYLo.qtkzfm3j2jaaSRwh6tpTp72wm', 0, 15, NULL),
(419, 'TCHILINGUIRIAN', 'Vreij', 'Vreij.TCHILINGUIRIAN@machin.com', '$2y$12$xf7wgqNCc1U3YM2KfLxAIeiAYLo.qtkzfm3j2jaaSRwh6tpTp72wm', 0, 16, NULL),
(424, 'DEGRANGE', 'Raphael', 'Raphael.DEGRANGE@machin.com', '$2y$12$xf7wgqNCc1U3YM2KfLxAIeiAYLo.qtkzfm3j2jaaSRwh6tpTp72wm', 0, 5, NULL),
(429, 'VIDAL', 'Cyril', 'Cyril.VIDAL@machin.com', '$2y$12$xf7wgqNCc1U3YM2KfLxAIeiAYLo.qtkzfm3j2jaaSRwh6tpTp72wm', 0, 16, NULL),
(433, 'DOSSIN', 'Sylvain', 'Sylvain.DOSSIN@machin.com', '$2y$12$xf7wgqNCc1U3YM2KfLxAIeiAYLo.qtkzfm3j2jaaSRwh6tpTp72wm', 0, 5, NULL),
(436, 'LACAND', 'Pierre', 'Pierre.LACAND@machin.com', '$2y$12$xf7wgqNCc1U3YM2KfLxAIeiAYLo.qtkzfm3j2jaaSRwh6tpTp72wm', 0, 16, NULL),
(438, 'MARTEL', 'Jean-Mary', 'Jean-Mary.MARTEL@machin.com', '$2y$12$xf7wgqNCc1U3YM2KfLxAIeiAYLo.qtkzfm3j2jaaSRwh6tpTp72wm', 0, 16, NULL),
(442, 'GIORDANO', 'Fabrice', 'Fabrice.GIORDANO@machin.com', '$2y$12$xf7wgqNCc1U3YM2KfLxAIeiAYLo.qtkzfm3j2jaaSRwh6tpTp72wm', 0, 16, NULL),
(448, 'CUENCA', 'Remy', 'Remy.CUENCA@machin.com', '$2y$12$xf7wgqNCc1U3YM2KfLxAIeiAYLo.qtkzfm3j2jaaSRwh6tpTp72wm', 0, 15, NULL),
(461, 'CHARTIER', 'Laurent', 'Laurent.CHARTIER@machin.com', '$2y$12$xf7wgqNCc1U3YM2KfLxAIeiAYLo.qtkzfm3j2jaaSRwh6tpTp72wm', 0, 16, NULL),
(464, 'DAUTIN', 'Celine', 'Celine.DAUTIN@machin.com', '$2y$12$xf7wgqNCc1U3YM2KfLxAIeiAYLo.qtkzfm3j2jaaSRwh6tpTp72wm', 0, 15, NULL),
(471, 'GIANDALIA', 'David', 'David.GIANDALIA@machin.com', '$2y$12$xf7wgqNCc1U3YM2KfLxAIeiAYLo.qtkzfm3j2jaaSRwh6tpTp72wm', 0, 16, NULL),
(474, 'BRISSAUD', 'Bertrand', 'Bertrand.BRISSAUD@machin.com', '$2y$12$xf7wgqNCc1U3YM2KfLxAIeiAYLo.qtkzfm3j2jaaSRwh6tpTp72wm', 0, 5, NULL),
(479, 'GUERGUY', 'Laurent', 'Laurent.GUERGUY@machin.com', '$2y$12$xf7wgqNCc1U3YM2KfLxAIeiAYLo.qtkzfm3j2jaaSRwh6tpTp72wm', 0, 5, NULL),
(482, 'DERBEZ', 'Olivier', 'Olivier.DERBEZ@machin.com', '$2y$12$xf7wgqNCc1U3YM2KfLxAIeiAYLo.qtkzfm3j2jaaSRwh6tpTp72wm', 0, 5, NULL),
(487, 'POULET', 'Manuel', 'Manuel.POULET@machin.com', '$2y$12$xf7wgqNCc1U3YM2KfLxAIeiAYLo.qtkzfm3j2jaaSRwh6tpTp72wm', 0, 15, NULL),
(490, 'ZITO', 'Raphael', 'Raphael.ZITO@machin.com', '$2y$12$xf7wgqNCc1U3YM2KfLxAIeiAYLo.qtkzfm3j2jaaSRwh6tpTp72wm', 0, 5, NULL),
(492, 'ANGELERI', 'Jereme', 'Jereme.ANGELERI@machin.com', '$2y$12$xf7wgqNCc1U3YM2KfLxAIeiAYLo.qtkzfm3j2jaaSRwh6tpTp72wm', 0, 16, NULL),
(493, 'BILGEM', 'Halim', 'Halim.BILGEM@machin.com', '$2y$12$xf7wgqNCc1U3YM2KfLxAIeiAYLo.qtkzfm3j2jaaSRwh6tpTp72wm', 0, 5, NULL),
(496, 'DESBIOLLES', 'Laurent', 'Laurent.DESBIOLLES@machin.com', '$2y$12$xf7wgqNCc1U3YM2KfLxAIeiAYLo.qtkzfm3j2jaaSRwh6tpTp72wm', 0, 5, NULL),
(498, 'MIBORD', 'Sophie', 'Sophie.MIBORD@machin.com', '$2y$12$xf7wgqNCc1U3YM2KfLxAIeiAYLo.qtkzfm3j2jaaSRwh6tpTp72wm', 0, 15, NULL),
(502, 'PRADELLE', 'Guillaume', 'Guillaume.PRADELLE@machin.com', '$2y$12$xf7wgqNCc1U3YM2KfLxAIeiAYLo.qtkzfm3j2jaaSRwh6tpTp72wm', 0, 16, NULL),
(503, 'FRANCOIS', 'Capucine', 'Capucine.FRANCOIS@machin.com', '$2y$12$xf7wgqNCc1U3YM2KfLxAIeiAYLo.qtkzfm3j2jaaSRwh6tpTp72wm', 0, 15, NULL),
(506, 'TISSIER', 'Olivier', 'Olivier.TISSIER@machin.com', '$2y$12$xf7wgqNCc1U3YM2KfLxAIeiAYLo.qtkzfm3j2jaaSRwh6tpTp72wm', 0, 15, NULL),
(507, 'MASTEFA', 'M\'Hammed', 'M\'Hammed.MASTEFA@machin.com', '$2y$12$xf7wgqNCc1U3YM2KfLxAIeiAYLo.qtkzfm3j2jaaSRwh6tpTp72wm', 0, 15, NULL),
(512, 'BOUDER', 'Nawfel', 'Nawfel.BOUDER@machin.com', '$2y$12$xf7wgqNCc1U3YM2KfLxAIeiAYLo.qtkzfm3j2jaaSRwh6tpTp72wm', 0, 16, NULL),
(514, 'BUHSING', 'Celine', 'Celine.BUHSING@machin.com', '$2y$12$xf7wgqNCc1U3YM2KfLxAIeiAYLo.qtkzfm3j2jaaSRwh6tpTp72wm', 0, 15, NULL),
(516, 'VEROLLET', 'Matthieu', 'Matthieu.VEROLLET@machin.com', '$2y$12$xf7wgqNCc1U3YM2KfLxAIeiAYLo.qtkzfm3j2jaaSRwh6tpTp72wm', 0, 5, NULL),
(524, 'SANTSCHI', 'Nicolas', 'Nicolas.SANTSCHI@machin.com', '$2y$12$xf7wgqNCc1U3YM2KfLxAIeiAYLo.qtkzfm3j2jaaSRwh6tpTp72wm', 0, 16, NULL),
(527, 'CHOULET', 'Aurelie', 'Aurelie.CHOULET@machin.com', '$2y$12$xf7wgqNCc1U3YM2KfLxAIeiAYLo.qtkzfm3j2jaaSRwh6tpTp72wm', 0, 16, NULL),
(529, 'BRENDLEN', 'David', 'David.BRENDLEN@machin.com', '$2y$12$xf7wgqNCc1U3YM2KfLxAIeiAYLo.qtkzfm3j2jaaSRwh6tpTp72wm', 0, 5, NULL),
(540, 'AAA', 'AAA', 'AA@A.fr', '', 0, 16, NULL);

-- --------------------------------------------------------

--
-- Structure de la table `LNM_etudiant_as_groupe`
--

CREATE TABLE `LNM_etudiant_as_groupe` (
  `id_etudiant` int NOT NULL,
  `id_groupe` int NOT NULL
) ENGINE=InnoDB DEFAULT CHARSET=utf8mb4 COLLATE=utf8mb4_0900_ai_ci;

--
-- Déchargement des données de la table `LNM_etudiant_as_groupe`
--

INSERT INTO `LNM_etudiant_as_groupe` (`id_etudiant`, `id_groupe`) VALUES
(76, 7),
(189, 7),
(352, 7),
(471, 7),
(98, 8),
(174, 9),
(290, 9),
(429, 9),
(89, 10),
(140, 10),
(179, 10),
(479, 11),
(496, 11);

-- --------------------------------------------------------

--
-- Structure de la table `LNM_evaluation_type`
--

CREATE TABLE `LNM_evaluation_type` (
  `id_evaluation_type` int NOT NULL,
  `evaluation_name` varchar(50) NOT NULL,
  `heighest_value` varchar(15) NOT NULL,
  `lowest_value` varchar(15) NOT NULL,
  `valudation_value` varchar(15) NOT NULL,
  `ordered_allowed_values` text,
  `ordered_value_descriptions` text
) ENGINE=InnoDB DEFAULT CHARSET=utf8mb4 COLLATE=utf8mb4_0900_ai_ci;

--
-- Déchargement des données de la table `LNM_evaluation_type`
--

INSERT INTO `LNM_evaluation_type` (`id_evaluation_type`, `evaluation_name`, `heighest_value`, `lowest_value`, `valudation_value`, `ordered_allowed_values`, `ordered_value_descriptions`) VALUES
(1, 'Notation / 20', '20', '0', '10', NULL, NULL),
(2, 'Notation / 10', '10', '0', '5', NULL, NULL),
(3, 'Notation / 5', '5', '0', '2.5', NULL, NULL),
(4, 'Échelle d’évaluation ECTS', 'A', 'F', 'E', '{F,Fx,E,D,C,C,B,A}', '{Un travail supplémentaire considérable est nécessaire; Un travail supplémentaire est nécessaire pour l\'octroi d\'un crédit; Les résultats satisfont aux critères minimaux; Travail honnête, mais comportant des lacunes importantes; Généralement bon, malgré un certain nombre d\'insuffisances notables; Résultats supérieurs à la moyenne, malgré un certain nombre d\'insuffisances; Résultats remarquables, avec seulement quelques insuffisances mineures}'),
(5, 'Echelle de notation ABCDE simple', 'A', 'E', 'C', '{E,D,C,B,A}', '{Non évaluable; N\'atteint pas le minimum requis; Minimum requis atteint avec des lacunes importantes ne remettant pas en cause la compréhension du sujet; Bonne maitrise du sujet avec des lacunes mineures à combler; Excellente maitrise du sujet, quelques lacunes négligeables nécessitant des approfondissements acceptables '),
(6, 'Echelle de notation ABCDE +- simple', 'A+', 'E-', 'C-', '{A+,A,A-,B+,B,B-,C+,C,C-,D+,D,D-,E+,E,E-}', NULL),
(7, 'Binaire', 'Validé', 'Non validé', 'Validé', '{Non validé, Validé}', NULL),
(8, 'Compétence 4 niveaux', 'A', 'D', 'B', '{A,B,C,D}', '{Audela des attentes, Objectif atteint, Objectif non atteint, Non évalué}');

-- --------------------------------------------------------

--
-- Structure de la table `LNM_filiere`
--

CREATE TABLE `LNM_filiere` (
  `id_filiere` int NOT NULL,
  `nom_filiere` varchar(11) NOT NULL,
  `nom_long` varchar(50) DEFAULT NULL,
  `id_responsable` int DEFAULT NULL
) ENGINE=InnoDB DEFAULT CHARSET=utf8mb4 COLLATE=utf8mb4_0900_ai_ci;

--
-- Déchargement des données de la table `LNM_filiere`
--

INSERT INTO `LNM_filiere` (`id_filiere`, `nom_filiere`, `nom_long`, `id_responsable`) VALUES
(3, 'Info', 'Informatique', 18);

-- --------------------------------------------------------

--
-- Structure de la table `LNM_groupe`
--

CREATE TABLE `LNM_groupe` (
  `id_groupe` int NOT NULL,
  `nom_groupe` varchar(20) NOT NULL,
  `id_promo` int NOT NULL,
  `id_groupe_type` int NOT NULL
) ENGINE=InnoDB DEFAULT CHARSET=utf8mb4 COLLATE=utf8mb4_0900_ai_ci;

--
-- Déchargement des données de la table `LNM_groupe`
--

INSERT INTO `LNM_groupe` (`id_groupe`, `nom_groupe`, `id_promo`, `id_groupe_type`) VALUES
(1, 'IDU3', 5, 1),
(2, 'IDU4', 15, 1),
(3, 'IDU5', 16, 1),
(4, 'IDU3_TD1', 5, 2),
(5, 'IDU4_TD1', 15, 2),
(6, 'IDU5_TD1', 16, 2),
(7, 'IDU3_TP11', 5, 3),
(8, 'IDU3_TP12', 5, 3),
(9, 'IDU4_TP11', 15, 3),
(10, 'IDU4_TP12', 15, 3),
(11, 'IDU5_TP11', 16, 3);

-- --------------------------------------------------------

--
-- Structure de la table `LNM_groupe_type`
--

CREATE TABLE `LNM_groupe_type` (
  `id_groupe_type` int NOT NULL,
  `groupe_type` varchar(10) NOT NULL,
  `commentaire` varchar(50) DEFAULT NULL
) ENGINE=InnoDB DEFAULT CHARSET=utf8mb4 COLLATE=utf8mb4_0900_ai_ci;

--
-- Déchargement des données de la table `LNM_groupe_type`
--

INSERT INTO `LNM_groupe_type` (`id_groupe_type`, `groupe_type`, `commentaire`) VALUES
(1, 'PROMO', 'toute la promo'),
(2, 'TD', 'groupe de TD'),
(3, 'TP', 'groupe de TP');

-- --------------------------------------------------------

--
-- Structure de la table `LNM_origine`
--

CREATE TABLE `LNM_origine` (
  `id_origine` int NOT NULL,
  `nom_etablissement` varchar(50) NOT NULL,
  `nom_formation` varchar(50) DEFAULT NULL,
  `mail` varchar(50) DEFAULT NULL
) ENGINE=InnoDB DEFAULT CHARSET=utf8mb4 COLLATE=utf8mb4_0900_ai_ci;

-- --------------------------------------------------------

--
-- Structure de la table `LNM_promo`
--

CREATE TABLE `LNM_promo` (
  `id_promo` int NOT NULL,
  `id_filiere` int DEFAULT NULL,
  `id_statut` int DEFAULT NULL,
  `annee` int NOT NULL,
  `parcour` varchar(25) DEFAULT NULL,
  `site` varchar(25) NOT NULL,
  `nbGroupeCM` int NOT NULL DEFAULT '1',
  `nbGroupeTD` int NOT NULL,
  `nbGroupeTP` int NOT NULL,
  `id_responsable` int DEFAULT NULL
) ENGINE=InnoDB DEFAULT CHARSET=utf8mb4 COLLATE=utf8mb4_0900_ai_ci;

--
-- Déchargement des données de la table `LNM_promo`
--

INSERT INTO `LNM_promo` (`id_promo`, `id_filiere`, `id_statut`, `annee`, `parcour`, `site`, `nbGroupeCM`, `nbGroupeTD`, `nbGroupeTP`, `id_responsable`) VALUES
(5, 3, 1, 3, NULL, 'Annecy', 1, 1, 2, NULL),
(15, 3, 1, 4, NULL, 'Annecy', 1, 1, 2, NULL),
(16, 3, 1, 5, NULL, 'Annecy', 1, 1, 2, NULL);

-- --------------------------------------------------------

--
-- Structure de la table `LNM_rendu_module`
--

CREATE TABLE `LNM_rendu_module` (
  `id_rendu_module` int NOT NULL,
  `description` varchar(100) NOT NULL,
  `date` date NOT NULL,
  `id_module` int NOT NULL
) ENGINE=InnoDB DEFAULT CHARSET=utf8mb4 COLLATE=utf8mb4_0900_ai_ci;

--
-- Déchargement des données de la table `LNM_rendu_module`
--

INSERT INTO `LNM_rendu_module` (`id_rendu_module`, `description`, `date`, `id_module`) VALUES
(2, 'Présentation d\'anglais', '2025-04-08', 103),
(4, 'Rapport Projet de Machine Learning', '2025-04-07', 58),
(1, 'Rendu APP', '2025-05-15', 64),
(3, 'Rendu Projet Flux de données et accès concurrents', '2025-05-04', 180);

-- --------------------------------------------------------

--
-- Structure de la table `LNM_rendu_module_as_enseignant`
--

CREATE TABLE `LNM_rendu_module_as_enseignant` (
  `id_rendu_module` int NOT NULL,
  `id_enseignant` int NOT NULL
) ENGINE=InnoDB DEFAULT CHARSET=utf8mb4 COLLATE=utf8mb4_0900_ai_ci;

--
-- Déchargement des données de la table `LNM_rendu_module_as_enseignant`
--

INSERT INTO `LNM_rendu_module_as_enseignant` (`id_rendu_module`, `id_enseignant`) VALUES
(1, 6),
(1, 33),
(1, 44),
(1, 62);

-- --------------------------------------------------------

--
-- Structure de la table `LNM_rendu_module_as_etudiant`
--

CREATE TABLE `LNM_rendu_module_as_etudiant` (
  `id_rendu_module` int NOT NULL,
  `id_etudiant` int NOT NULL,
  `date_depot` date NOT NULL,
  `avancement` decimal(3,2) NOT NULL DEFAULT '0.00'
) ENGINE=InnoDB DEFAULT CHARSET=utf8mb4 COLLATE=utf8mb4_0900_ai_ci;

--
-- Déchargement des données de la table `LNM_rendu_module_as_etudiant`
--

INSERT INTO `LNM_rendu_module_as_etudiant` (`id_rendu_module`, `id_etudiant`, `date_depot`, `avancement`) VALUES
(1, 15, '2026-06-01', 0.00);

-- --------------------------------------------------------

--
-- Structure de la table `LNM_seanceType`
--

CREATE TABLE `LNM_seanceType` (
  `id_seance_type` int NOT NULL,
  `type` varchar(10) NOT NULL,
  `commentaire` varchar(50) CHARACTER SET utf8mb4 COLLATE utf8mb4_0900_ai_ci DEFAULT NULL
) ENGINE=InnoDB DEFAULT CHARSET=utf8mb4 COLLATE=utf8mb4_0900_ai_ci;

--
-- Déchargement des données de la table `LNM_seanceType`
--

INSERT INTO `LNM_seanceType` (`id_seance_type`, `type`, `commentaire`) VALUES
(1, 'CM', 'cours magistral'),
(2, 'TD', 'travaux dirigés'),
(3, 'TP', 'travaux pratique'),
(4, 'Exam', 'Examen'),
(5, 'PROJ', 'en autonomie');

-- --------------------------------------------------------

--
-- Structure de la table `LNM_semestre`
--

CREATE TABLE `LNM_semestre` (
  `id_semestre` tinyint NOT NULL,
  `semestre` varchar(3) NOT NULL
) ENGINE=InnoDB DEFAULT CHARSET=utf8mb4 COLLATE=utf8mb4_0900_ai_ci;

--
-- Déchargement des données de la table `LNM_semestre`
--

INSERT INTO `LNM_semestre` (`id_semestre`, `semestre`) VALUES
(1, 'S1'),
(10, 'S10'),
(2, 'S2'),
(3, 'S3'),
(4, 'S4'),
(5, 'S5'),
(6, 'S6'),
(7, 'S7'),
(8, 'S8'),
(9, 'S9');

-- --------------------------------------------------------

--
-- Structure de la table `LNM_stage`
--

CREATE TABLE `LNM_stage` (
  `id_stage` int NOT NULL,
  `entreprise` varchar(100) NOT NULL,
  `intitulé` varchar(50) NOT NULL,
  `description` text NOT NULL,
  `adresse` varchar(190) DEFAULT NULL COMMENT '5x38 caractères selon norme postale Afnor RNVP',
  `ville` varchar(38) CHARACTER SET utf8mb4 COLLATE utf8mb4_0900_ai_ci NOT NULL COMMENT '38 caractères selon norme postale Afnor RNVP',
  `code_postal` varchar(10) CHARACTER SET utf8mb4 COLLATE utf8mb4_0900_ai_ci DEFAULT NULL COMMENT '10 caractères correspond à la longueur maximal de zip-code connu',
  `pays` varchar(38) DEFAULT NULL COMMENT '38 caractères selon norme postale Afnor RNVP',
  `date_debut` date NOT NULL,
  `date_fin` date NOT NULL,
  `nature` varchar(50) NOT NULL,
  `id_etudiant` int NOT NULL,
  `id_enseignant` int DEFAULT NULL
) ENGINE=InnoDB DEFAULT CHARSET=utf8mb4 COLLATE=utf8mb4_0900_ai_ci;

--
-- Déchargement des données de la table `LNM_stage`
--

INSERT INTO `LNM_stage` (`id_stage`, `entreprise`, `intitulé`, `description`, `adresse`, `ville`, `code_postal`, `pays`, `date_debut`, `date_fin`, `nature`, `id_etudiant`, `id_enseignant`) VALUES
(5, 'SOPRA STERIA', 'Développement de site web', 'Développement d\'un site web pour Sopra Steria afin de présenter les produits fournies par l’entreprise', NULL, 'Annecy', NULL, NULL, '2025-05-19', '2025-07-18', 'Création d\'un site web', 503, 65),
(6, 'NTN-SNR', 'Processus de vérification des commandes', 'Création d\'un logiciel permettant la vérification que tout se trouve bien dans les commande', NULL, 'Argonay', NULL, NULL, '2025-05-28', '2025-06-30', 'Création d\'un logiciel', 237, 14),
(21, 'SOPRA STERIA', 'zerezdfdfdf', 'esdfdfdf', NULL, 'egeaga', NULL, NULL, '2025-10-24', '2025-11-15', '', 25, 14),
(22, 'sefef', 'ergerger', 'refergre', NULL, 'gdgerg', NULL, NULL, '2025-10-02', '2025-10-25', '', 63, 24),
(23, 'truc', 'regergg', 'gregertg', NULL, 'rtrtrtghrt', NULL, NULL, '2025-10-02', '2025-10-16', '', 44, 24);

-- --------------------------------------------------------

--
-- Structure de la table `LNM_statut`
--

CREATE TABLE `LNM_statut` (
  `id_statut` int NOT NULL,
  `nom_statut` varchar(10) NOT NULL,
  `Description` varchar(100) NOT NULL
) ENGINE=InnoDB DEFAULT CHARSET=utf8mb4 COLLATE=utf8mb4_0900_ai_ci;

--
-- Déchargement des données de la table `LNM_statut`
--

INSERT INTO `LNM_statut` (`id_statut`, `nom_statut`, `Description`) VALUES
(1, 'FISE', 'Formation initiale sous statut étudiant'),
(2, 'FISA', 'Formation initiale sous statut apprenti'),
(3, 'FISEA', 'Formation initiale sous statut étudiant puis apprenti'),
(4, 'FISECP', 'Formation initiale sous statut étudiant puis en contrat pro');

-- --------------------------------------------------------

--
-- Structure de la table `LNM_universite`
--

CREATE TABLE `LNM_universite` (
  `id_universite` int NOT NULL,
  `nom` varchar(250) NOT NULL,
  `nom_court` varchar(50) NOT NULL,
  `ville` varchar(50) NOT NULL,
  `pays` varchar(50) NOT NULL
) ENGINE=InnoDB DEFAULT CHARSET=utf8mb4 COLLATE=utf8mb4_0900_ai_ci;

--
-- Déchargement des données de la table `LNM_universite`
--

INSERT INTO `LNM_universite` (`id_universite`, `nom`, `nom_court`, `ville`, `pays`) VALUES
(1, 'Fachhochschule Aachen', 'Fachhochschule Aachen', 'Aachen', 'Allemagne'),
(2, 'Hochschule Heilbronn', 'Hochschule Heilbronn', 'Heilbronn', 'Allemagne'),
(3, 'Hochschule Kaiserslautern', 'Hochschule Kaiserslautern', 'Kaiserslautern', 'Allemagne'),
(4, 'TU Bergakademie Freiberg', 'TU Bergakademie Freiberg', 'Freiberg', 'Allemagne'),
(5, 'Hochschule Magdeburg', 'Hochschule Magdeburg', 'Magdebourg', 'Allemagne'),
(6, 'TU Braunschweig Carolo Wilhelmina', 'TU Braunschweig Carolo Wilhelmina', 'Braunschweig', 'Allemagne'),
(7, 'Universität Stuttgart', 'Universität Stuttgart', 'Stuttgart', 'Allemagne'),
(8, 'Universidad Nacional de La Plata (UNLP)', 'Universidad Nacional de La Plata (UNLP)', 'La Plata', 'Argentine'),
(9, 'Universidad Nacional de Cuyo', 'Universidad Nacional de Cuyo', 'Mendoza', 'Argentine'),
(10, 'Fachhochschule Technikum Wien', 'Fachhochschule Technikum Wien', 'Vienne', 'Autriche'),
(11, 'Université de Liège', 'Université de Liège', 'Liège', 'Belgique'),
(12, 'Haute Ecole de la Communauté Française en Hainaut', 'Haute Ecole de la Communauté Française en Hainaut', 'Mons', 'Belgique'),
(13, 'Haute Ecole de la Province de Liège', 'Haute Ecole de la Province de Liège', 'Liège', 'Belgique'),
(14, 'Universidade Federal de Viçosa', 'Universidade Federal de Viçosa', 'Viçosa', 'Brésil'),
(15, 'Ecole de Technologie Supérieure (ETS)', 'Ecole de Technologie Supérieure (ETS)', 'Montréal', 'Canada'),
(16, 'Escuela Tecnica Superior de Ingeneria Informatica/Universidad de Sevilla', 'ETSII/Universidad de Sevilla', 'Sevilla', 'Espagne'),
(17, 'Universidad Zaragoza', 'Universidad Zaragoza', 'Saragosse', 'Espagne'),
(18, 'Escuela Tecnica Superior de Ingenieria de Sistemas Informaticos / Universidad Politecnica Madrid', 'ETSISI / Universidad Politecnica Madrid', 'Madrid', 'Espagne'),
(19, 'University of Hyogo', 'University of Hyogo', 'Hyogo', 'Japon'),
(20, 'Norges Teknisk-Naturvitenskaplige Universitet (NTNU)', 'NTNU', 'Trondheim', 'Norvège'),
(21, 'Universitatea de Vest din Timisoara', 'Universitatea de Vest din Timisoara', 'Timisoara', 'Roumanie'),
(22, 'BFH Bern University of Applied Sciences', 'BFH Bern University of Applied Sciences', 'Bern', 'Suisse');

-- --------------------------------------------------------

--
-- Structure de la table `MAQUETTE_dependance_sequence`
--

CREATE TABLE `MAQUETTE_dependance_sequence` (
  `id_sequence_prev` int NOT NULL,
  `id_sequence_next` int NOT NULL
) ENGINE=InnoDB DEFAULT CHARSET=utf8mb4 COLLATE=utf8mb4_0900_ai_ci;

--
-- Déchargement des données de la table `MAQUETTE_dependance_sequence`
--

INSERT INTO `MAQUETTE_dependance_sequence` (`id_sequence_prev`, `id_sequence_next`) VALUES
(1, 2),
(4, 3),
(2, 4),
(3, 5),
(5, 6),
(6, 7),
(7, 8),
(8, 9),
(10, 11),
(11, 12),
(12, 13),
(13, 14),
(14, 15),
(15, 16),
(16, 17),
(17, 18),
(18, 19),
(19, 20),
(20, 21),
(21, 22),
(22, 23),
(23, 24),
(24, 25),
(25, 26),
(26, 27),
(27, 28),
(131, 29),
(38, 30),
(46, 31),
(47, 32),
(48, 33),
(44, 34),
(49, 35),
(35, 36),
(29, 37),
(37, 38),
(30, 39),
(39, 40),
(31, 41),
(32, 42),
(33, 44),
(34, 45),
(40, 46),
(41, 47),
(42, 48),
(45, 49),
(49, 50),
(54, 50),
(688, 50),
(690, 50),
(50, 51),
(51, 52),
(52, 53),
(53, 54),
(55, 56),
(56, 57),
(57, 58),
(58, 59),
(59, 60),
(60, 61),
(62, 63),
(63, 64),
(64, 65),
(66, 67),
(67, 68),
(68, 69),
(49, 70),
(70, 71),
(78, 72),
(72, 73),
(80, 74),
(74, 75),
(83, 76),
(71, 77),
(77, 78),
(73, 79),
(79, 80),
(75, 81),
(90, 82),
(82, 83),
(81, 86),
(86, 87),
(87, 88),
(88, 89),
(89, 90),
(99, 100),
(100, 101),
(101, 102),
(102, 103),
(103, 104),
(104, 105),
(105, 106),
(106, 107),
(107, 108),
(109, 122),
(572, 159),
(164, 160),
(165, 161),
(159, 164),
(160, 165),
(161, 166),
(167, 185),
(185, 186),
(186, 187),
(187, 188),
(188, 189),
(189, 190),
(190, 191),
(191, 192),
(192, 193),
(193, 194),
(194, 195),
(195, 196),
(196, 197),
(197, 198),
(198, 198),
(199, 200),
(200, 201),
(202, 203),
(203, 204),
(204, 205),
(205, 206),
(206, 207),
(207, 208),
(208, 209),
(209, 210),
(210, 211),
(211, 212),
(212, 213),
(213, 214),
(214, 215),
(215, 216),
(216, 217),
(91, 218),
(92, 218),
(93, 218),
(94, 218),
(95, 218),
(96, 218),
(97, 218),
(98, 218),
(246, 239),
(247, 240),
(240, 241),
(248, 242),
(249, 243),
(250, 244),
(219, 245),
(245, 246),
(239, 247),
(241, 248),
(242, 249),
(243, 250),
(244, 251),
(251, 252),
(252, 253),
(253, 254),
(254, 255),
(255, 256),
(256, 257),
(258, 259),
(259, 260),
(260, 261),
(261, 262),
(262, 263),
(263, 264),
(264, 265),
(265, 266),
(266, 267),
(267, 268),
(268, 269),
(269, 270),
(270, 271),
(271, 272),
(272, 273),
(108, 274),
(275, 276),
(276, 277),
(277, 278),
(278, 279),
(279, 280),
(280, 281),
(281, 282),
(282, 283),
(283, 284),
(284, 285),
(285, 286),
(286, 287),
(287, 288),
(288, 289),
(289, 290),
(290, 291),
(291, 292),
(292, 293),
(293, 294),
(295, 296),
(296, 297),
(297, 298),
(298, 299),
(299, 300),
(300, 301),
(301, 302),
(302, 303),
(303, 304),
(304, 305),
(305, 306),
(306, 307),
(307, 308),
(308, 309),
(309, 310),
(311, 312),
(312, 313),
(313, 314),
(314, 315),
(315, 316),
(316, 317),
(317, 318),
(318, 319),
(319, 320),
(320, 321),
(321, 322),
(322, 323),
(323, 324),
(324, 325),
(325, 326),
(326, 327),
(327, 328),
(328, 329),
(329, 330),
(331, 332),
(332, 333),
(333, 334),
(334, 335),
(335, 336),
(336, 337),
(337, 338),
(338, 339),
(339, 340),
(340, 341),
(341, 342),
(342, 343),
(343, 344),
(344, 345),
(345, 346),
(346, 347),
(348, 349),
(349, 350),
(350, 351),
(351, 352),
(352, 353),
(353, 354),
(354, 355),
(355, 356),
(356, 357),
(357, 358),
(359, 360),
(360, 361),
(361, 362),
(362, 363),
(363, 364),
(364, 365),
(365, 366),
(366, 367),
(367, 368),
(368, 369),
(369, 370),
(370, 371),
(371, 372),
(413, 414),
(414, 415),
(415, 416),
(416, 417),
(417, 418),
(418, 419),
(419, 420),
(420, 421),
(421, 422),
(422, 423),
(423, 424),
(424, 425),
(425, 426),
(426, 427),
(427, 428),
(428, 429),
(429, 430),
(430, 431),
(431, 432),
(433, 434),
(434, 435),
(435, 436),
(436, 437),
(437, 438),
(438, 439),
(439, 440),
(440, 441),
(441, 442),
(442, 443),
(443, 444),
(444, 445),
(445, 446),
(446, 447),
(448, 449),
(449, 450),
(450, 451),
(451, 452),
(452, 453),
(453, 454),
(456, 457),
(457, 458),
(458, 459),
(459, 460),
(460, 461),
(461, 462),
(462, 463),
(463, 464),
(464, 465),
(465, 466),
(466, 467),
(467, 468),
(468, 469),
(469, 470),
(470, 471),
(471, 472),
(473, 474),
(474, 475),
(475, 476),
(476, 477),
(477, 478),
(478, 479),
(479, 480),
(480, 481),
(481, 482),
(482, 483),
(483, 484),
(484, 485),
(485, 486),
(487, 488),
(488, 489),
(489, 490),
(490, 491),
(491, 492),
(492, 493),
(493, 494),
(494, 495),
(495, 496),
(496, 497),
(497, 498),
(498, 499),
(499, 500),
(500, 501),
(501, 502),
(502, 503),
(503, 504),
(504, 505),
(505, 506),
(507, 508),
(508, 509),
(509, 510),
(510, 511),
(511, 512),
(512, 513),
(513, 514),
(514, 515),
(515, 516),
(516, 517),
(517, 518),
(518, 519),
(519, 520),
(520, 521),
(521, 522),
(522, 523),
(523, 524),
(524, 525),
(525, 526),
(549, 550),
(550, 551),
(551, 552),
(552, 553),
(553, 554),
(554, 555),
(555, 556),
(556, 557),
(557, 558),
(558, 559),
(559, 560),
(560, 561),
(561, 562),
(562, 563),
(563, 564),
(564, 565),
(565, 566),
(566, 567),
(567, 568),
(568, 569),
(569, 570),
(9, 571),
(166, 573),
(28, 574);

-- --------------------------------------------------------

--
-- Structure de la table `MAQUETTE_discipline`
--

CREATE TABLE `MAQUETTE_discipline` (
  `id_discipline` int NOT NULL,
  `nom` varchar(20) NOT NULL
) ENGINE=InnoDB DEFAULT CHARSET=utf8mb4 COLLATE=utf8mb4_0900_ai_ci;

--
-- Déchargement des données de la table `MAQUETTE_discipline`
--

INSERT INTO `MAQUETTE_discipline` (`id_discipline`, `nom`) VALUES
(5, 'Automatique'),
(8, 'Elec.'),
(1, 'Informatique'),
(6, 'Langue'),
(2, 'Mathématiques'),
(4, 'PACI'),
(9, 'Projet'),
(7, 'SHES'),
(3, 'Traitement du signal');

-- --------------------------------------------------------

--
-- Structure de la table `MAQUETTE_learning_unit`
--

CREATE TABLE `MAQUETTE_learning_unit` (
  `id_learning_unit` int NOT NULL,
  `learning_unit_code` varchar(10) NOT NULL,
  `learning_unit_name` varchar(50) NOT NULL,
  `id_promo` int NOT NULL
) ENGINE=InnoDB DEFAULT CHARSET=utf8mb4 COLLATE=utf8mb4_0900_ai_ci;

--
-- Déchargement des données de la table `MAQUETTE_learning_unit`
--

INSERT INTO `MAQUETTE_learning_unit` (`id_learning_unit`, `learning_unit_code`, `learning_unit_name`, `id_promo`) VALUES
(1, 'UE501', 'Passerelle vers le parcours professionnel', 5),
(2, 'UE503', 'Sciences de l\'ingénieur IDU1', 5),
(3, 'UE502', 'Sciences et outils de l\'ingénieur', 5),
(4, 'UE601', 'Passerelle vers le parcours professionnel', 5),
(5, 'UE602', 'Mathématiques et algorithmique', 5),
(6, 'UE603', 'Informatique et Conception', 5),
(7, 'UE604', 'Environnement et Applications', 5),
(8, 'UE701', 'Passerelle vers le parcours professionnel', 15),
(9, 'UE702', 'Mathématiques et Données ', 15),
(10, 'UE703', ' Informatique et Conception ', 15),
(11, 'UE704', 'Visualisation et Gouvernance', 15),
(12, 'UE801', 'Passerelle vers le parcours professionnel', 15),
(13, 'UE802', 'Stage', 15),
(14, 'UE803', 'Données et aide à la décision', 15),
(15, 'UE804', ' Informatique et Conception', 15),
(16, 'UE901', 'Passerelle vers le parcours professionnel', 16),
(17, 'UE902', 'Optimisation et HPC', 16),
(18, 'UE903', 'Données et Aide la décision', 16);

-- --------------------------------------------------------

--
-- Structure de la table `MAQUETTE_module`
--

CREATE TABLE `MAQUETTE_module` (
  `id_module` int NOT NULL,
  `code_module` varchar(15) CHARACTER SET utf8mb4 COLLATE utf8mb4_0900_ai_ci NOT NULL,
  `nom` varchar(80) CHARACTER SET utf8mb4 COLLATE utf8mb4_0900_ai_ci NOT NULL,
  `ECTS` decimal(10,1) DEFAULT NULL,
  `id_discipline` int NOT NULL,
  `id_semestre` tinyint NOT NULL,
  `hCM` float DEFAULT NULL,
  `hTD` float DEFAULT NULL,
  `hTP` float DEFAULT NULL,
  `hTPTD` float DEFAULT NULL,
  `hPROJ` float DEFAULT NULL,
  `hPersonnelle` float DEFAULT NULL,
  `id_responsable` int DEFAULT NULL,
  `commentaire` text
) ENGINE=InnoDB DEFAULT CHARSET=utf8mb4 COLLATE=utf8mb4_0900_ai_ci;

--
-- Déchargement des données de la table `MAQUETTE_module`
--

INSERT INTO `MAQUETTE_module` (`id_module`, `code_module`, `nom`, `ECTS`, `id_discipline`, `id_semestre`, `hCM`, `hTD`, `hTP`, `hTPTD`, `hPROJ`, `hPersonnelle`, `id_responsable`, `commentaire`) VALUES
(1, 'INFO101', 'Introduction à l\'algorithmique', 3.0, 1, 1, 6, 9, 12, NULL, NULL, NULL, 14, NULL),
(2, 'INFO202', 'Programmation et algorithmique', 3.0, 1, 2, 6, 9, 12, NULL, NULL, NULL, 19, NULL),
(3, 'INFO201', 'Système d\'exploitation', 3.0, 1, 2, 6, 6, 15, NULL, NULL, NULL, 15, NULL),
(12, 'INFO501', 'Numération et Algorithmique', 3.0, 1, 5, 10.5, 10.5, NULL, 16, NULL, NULL, 14, '- Est-il envisageable de programmer des séances de td (au moins 2) sur machine ?\r\n(ces séances se passeraient en salle de TP, avec 2 étudiants par machine)\r\n\r\n- Est-il possible de grouper les séances de TP n°2, 3 et 4 soit toutes les 3 avant Noël, soit toutes les 3 après Noël.\r\nEn effet, ces séances correspondent à un seul sujet de tp, et quand il y a la coupure de Noël, cela ne facilite pas les choses.\r\n\r\n* Enchainement C/TD/TP :\r\n\r\nC1\r\nC2\r\nC3\r\n    TD1\r\nC4\r\n    TD2\r\nC5\r\n    TD3\r\nC6\r\n    TD4\r\nC7\r\n    TD5, TD6\r\n        TP1\r\n    TD7\r\n        TP2, TP3, TP4\r\n\r\nLe CC est à placer après la fin complète du module.'),
(13, 'INFO502', 'Initiation aux BD', 1.5, 1, 5, 6, 4.5, 12, NULL, NULL, NULL, 14, 'CM en amphi TD en salles de TD TP en salles machines Exam pas forcément en parallèle sur les 2 sites Si possible placer tous les CM, TD et TP entre la rentrée et Toussaint et placer l\'exam après la Toussaint Regrouper, si possible, la même 1/2 journée les TD des enseignants qui ont 2 groupes. Ordre des cours : CM1 -> CM2 -> TD1 -> CM3 -> TD2 -> TD3 -> TP1 -> TP2 -> TP3 -> Exam'),
(14, 'INFO641', 'Conception et Programmation Orienté Objet', 2.5, 1, 6, 9, 9, 8, 12, NULL, NULL, 8, NULL),
(15, 'INFO642', 'Base de Données et Technologies Web', NULL, 1, 6, 8.5, 7.5, 20, NULL, NULL, NULL, 17, NULL),
(16, 'INFO743', 'Réseaux et Systèmes répartis', 2.5, 1, 7, 18, 16, 4, NULL, NULL, NULL, 16, NULL),
(17, 'INFO741', 'Systèmes embarqués et systèmes d\'exploitation', NULL, 1, 7, 9, 3, 24, NULL, NULL, NULL, 12, NULL),
(18, 'INFO742', 'Méthodes de développement logiciel et qualité', NULL, 1, 7, 12.5, 7.5, NULL, 16, NULL, NULL, 6, NULL),
(19, 'INFO790', 'Informatique', NULL, 1, 7, NULL, NULL, NULL, NULL, NULL, NULL, 10, NULL),
(20, 'INFO851_MMT', 'Système embarqué 1', NULL, 1, 8, 7.5, 9, 20, NULL, NULL, NULL, 19, NULL),
(21, 'INFO890', 'Algorithmique et Base de Données', NULL, 1, 8, NULL, NULL, NULL, NULL, NULL, NULL, 10, NULL),
(22, 'EASI890_CM', 'Système embarqué', NULL, 1, 8, 8, NULL, 32, NULL, NULL, NULL, 9, NULL),
(23, 'INFO951', 'Système embarqué 2', NULL, 1, 9, 9, 3, 24, NULL, NULL, NULL, 12, 'Les CM est l\'exam sont communs avec INFO941'),
(24, 'INFO941', 'Système embarqué 2', NULL, 1, 9, 9, 3, NULL, 24, NULL, NULL, 12, NULL),
(25, 'INFO942', 'Apprentissage automatique et fouille de données', NULL, 1, 9, 12, NULL, 24, NULL, NULL, NULL, 24, NULL),
(26, 'INFO943_SNI', 'Internet des objets', NULL, 1, 9, 3, 9, 24, NULL, NULL, NULL, 16, '1 seul groupe de TP dans 2 salles TP : Projet'),
(27, 'PROJ942', 'Reconnaissance de visages', NULL, 1, 9, NULL, NULL, 36, NULL, NULL, NULL, 19, NULL),
(32, 'PROJ641', 'APP', NULL, 1, 6, NULL, NULL, 24, NULL, NULL, NULL, 9, NULL),
(33, 'PROJ741', 'APP', NULL, 1, 7, NULL, NULL, 24, NULL, NULL, NULL, 9, NULL),
(34, 'PROJ841', 'APP', NULL, 1, 8, NULL, NULL, 40, NULL, NULL, NULL, 9, NULL),
(35, 'PROJ943', 'APP', NULL, 1, 9, NULL, NULL, 24, NULL, NULL, NULL, 9, NULL),
(36, 'INFO305', 'Programmation objet I', 3.0, 1, 3, 6, 9, 12, NULL, NULL, NULL, 17, NULL),
(39, 'INFO402', 'Programmation orientée objet II', 3.0, 1, 4, 6, 9, 12, NULL, NULL, NULL, 17, NULL),
(41, 'INFO404', 'Bases de données', 3.0, 1, 4, 6, 9, 12, NULL, NULL, NULL, 10, NULL),
(42, 'ISOC531_IDU', 'Sociétés numériques', 3.0, 1, 5, 13.5, NULL, 4, 22.5, NULL, NULL, 16, NULL),
(43, 'PROJ531', 'Gestion de projets', 3.0, 1, 5, 6, 6, 28, NULL, NULL, NULL, 6, NULL),
(44, 'INFO631', 'Logique et Programmation', 3.0, 1, 6, 10.5, 10.5, 20, NULL, NULL, NULL, 18, NULL),
(45, 'MATH531', 'Graphes et Langages', 3.0, 1, 5, 12, 12, 16, NULL, NULL, NULL, 18, NULL),
(46, 'INFO632', 'Systèmes d’exploitation et Virtualisation', 3.0, 1, 6, 10.5, 13.5, 16, NULL, NULL, NULL, 15, NULL),
(47, 'ISOC631', 'Plateformes collaboratives', 3.0, 1, 6, 13.5, 15, 12, NULL, NULL, NULL, 16, NULL),
(48, 'PROJ632', 'Projet Data Science', 3.0, 1, 6, NULL, NULL, NULL, 30, NULL, NULL, 18, NULL),
(49, 'PROJ631', 'Projet Algorithmique', 4.0, 1, 6, NULL, NULL, NULL, 42, NULL, NULL, 18, NULL),
(50, 'DATA731', 'Modélisation Stochastique', 3.0, 1, 7, 12, NULL, 24, NULL, NULL, NULL, 24, NULL),
(51, 'INFO731_IDU', 'Sécurité et Cryptographie', 3.0, 1, 7, 13.5, 10.5, 4, 12, NULL, NULL, 16, NULL),
(52, 'INFO732', 'Comportement et Modélisation Dynamique', 2.5, 1, 7, 7.5, 6, 24, NULL, NULL, NULL, 8, NULL),
(53, 'PROJ731', 'Analyse et visualisation de données', 2.0, 1, 7, NULL, NULL, NULL, 20, NULL, NULL, 8, NULL),
(54, 'DATA732', 'Analyse et visualisation de données', 3.0, 1, 7, 12, 7.5, NULL, 16, NULL, NULL, 8, NULL),
(55, 'INFO734', 'Développement Full Stack', 3.0, 1, 7, 12, NULL, NULL, 24, NULL, NULL, 14, NULL),
(56, 'ISOC731', 'Économie et gouvernance de la donnée', 3.0, 1, 7, 15, 9, 4, 12, NULL, NULL, 16, NULL),
(57, 'DATA831', 'Big Data', 1.0, 1, 8, 7.5, NULL, 12, NULL, NULL, NULL, 15, NULL),
(58, 'DATA832', 'Machine Learning 1', 2.5, 1, 8, 9, 9, 12, NULL, NULL, NULL, 10, NULL),
(59, 'INFO831', 'Informatique décisionnelle', 2.5, 1, 8, 9, 9, 12, NULL, NULL, NULL, 24, NULL),
(60, 'ISOC831', 'Dimension métiers', 1.5, 1, 8, 30, NULL, NULL, NULL, NULL, NULL, 18, NULL),
(61, 'INFO832', 'Qualité et tests logiciel', 2.5, 1, 8, 12, 12, 16, NULL, NULL, NULL, 18, NULL),
(62, 'INFO833', 'Systèmes distribués à large échelle', 2.5, 1, 8, 12, 13.5, 15, NULL, NULL, NULL, 15, NULL),
(63, 'INFO834', 'Bases de données distribuées', 2.5, 1, 8, 7.5, 7.5, 24, NULL, NULL, NULL, 6, NULL),
(64, 'PROJ831', 'Projet Informatique Données et Usages', 1.5, 1, 8, NULL, NULL, NULL, 20, NULL, NULL, 18, NULL),
(65, 'INFO931', 'Optimisation et aide à la décision multicritère', 3.0, 1, 9, 12, 12, 16, NULL, NULL, NULL, 15, NULL),
(66, 'INFO932', 'Calcul haute performance et Cloud Computing', 3.0, 1, 9, 7.5, 7.5, 24, NULL, NULL, NULL, 15, NULL),
(67, 'PROJ931', 'Projet Usages', 4.0, 1, 9, NULL, NULL, 40, NULL, NULL, NULL, 15, NULL),
(68, 'DATA931', 'Machine Learning', 3.0, 1, 9, 12, 12, 16, NULL, NULL, NULL, 10, NULL),
(69, 'ISOC931', 'Innovation et Recherche', 3.0, 1, 9, 6, 12, 20, NULL, NULL, NULL, 10, NULL),
(70, 'PROJ932', 'Projet Data Science', 4.0, 1, 9, NULL, NULL, 40, NULL, NULL, NULL, 15, NULL),
(72, 'INFO850', 'Informatique - Computer science', NULL, 1, 8, NULL, NULL, NULL, NULL, NULL, NULL, 29, NULL),
(73, 'INFO841', 'Sécurité des systèmes cyber-physiques', NULL, 1, 8, 7.5, 4.5, 12, NULL, NULL, NULL, 16, NULL),
(74, 'INFO633', 'APP - Bases de données et technologies web', 2.5, 1, 6, 8.5, 7.5, 20, NULL, NULL, NULL, 17, NULL),
(75, 'INFO405', 'Projet de programmation', 3.0, 1, 4, NULL, 6, 15, NULL, NULL, NULL, 17, NULL),
(76, 'LANG501', 'Anglais', 4.0, 6, 5, NULL, 40.5, NULL, NULL, NULL, NULL, NULL, NULL),
(77, 'SHES501', 'Sport', 1.0, 7, 5, NULL, 21, NULL, NULL, NULL, NULL, NULL, NULL),
(78, 'SHES505', 'Simulation de gestion d\'entreprise', 1.0, 7, 5, NULL, 19.5, NULL, NULL, NULL, NULL, 14, NULL),
(79, 'LANG500', 'Soutien anglais', 0.0, 6, 5, NULL, 12, NULL, NULL, NULL, NULL, NULL, NULL),
(80, 'DDRS501', 'Développement Durable', 1.5, 7, 5, 12, 9, NULL, NULL, NULL, NULL, NULL, NULL),
(81, 'EASI501', 'Electricité', 3.0, 8, 5, 13.5, 15, 12, NULL, NULL, NULL, NULL, NULL),
(82, 'MATH500', 'Soutien en Mathématiques ', 0.0, 2, 5, NULL, 21, NULL, NULL, NULL, NULL, NULL, NULL),
(83, 'MATH501', 'Mathématiques', 3.0, 2, 5, 21, 19.5, NULL, NULL, NULL, NULL, NULL, NULL),
(84, 'EASI541', 'Automatisation', 3.0, 5, 5, 6, 13.5, 20, NULL, NULL, NULL, NULL, NULL),
(85, 'LANG600', 'Soutien Anglais ', 0.0, 6, 6, NULL, 12, NULL, NULL, NULL, NULL, NULL, NULL),
(86, 'LANG601', 'Anglais', 4.0, 6, 6, NULL, 40.5, NULL, NULL, NULL, NULL, NULL, NULL),
(87, 'PROJ601', 'Stage découverte du milieu professionnel', 0.0, 9, 6, NULL, NULL, NULL, NULL, NULL, NULL, NULL, NULL),
(88, 'SHES601', 'Gestion financière', 1.0, 7, 6, 10.5, 9, NULL, NULL, NULL, NULL, NULL, NULL),
(89, 'SHES602', 'Initiation au droit', 1.0, 7, 6, 15, 4.5, NULL, NULL, NULL, NULL, NULL, NULL),
(90, 'PROJ600', 'Stage facultatif', 0.0, 9, 6, NULL, NULL, NULL, NULL, NULL, NULL, NULL, NULL),
(91, 'MATH641', 'Mathématiques', 3.0, 2, 6, 18, 18, NULL, NULL, NULL, NULL, NULL, NULL),
(93, 'LANG700', 'Soutien Anglais', 0.0, 6, 7, NULL, 6, NULL, NULL, NULL, NULL, NULL, NULL),
(94, 'SHES703', 'Visualisation et Gouvernance', 1.5, 7, 7, NULL, 15, 4, NULL, NULL, NULL, NULL, NULL),
(95, 'SHES704', 'Créativité et management de l\'innovation', 1.5, 7, 7, NULL, 25.5, NULL, NULL, NULL, NULL, NULL, NULL),
(96, 'LANG701', 'Anglais', 3.0, 6, 7, NULL, 40.5, NULL, NULL, NULL, NULL, NULL, NULL),
(97, 'LANG702', 'Anglais + LV2', 3.0, 6, 7, NULL, 35, NULL, NULL, NULL, NULL, NULL, NULL),
(98, 'MATH741', 'Probabilités ‐ Statistique', 2.0, 2, 7, 18, 18, NULL, NULL, NULL, NULL, NULL, NULL),
(100, 'LANG800', 'Soutien Anglais', 0.0, 6, 8, NULL, 6, NULL, NULL, NULL, NULL, NULL, NULL),
(101, 'SHES802', 'Système de Management Intégré QSE (Qualité Sécurité Environnement)', 1.5, 7, 8, 9, 10.5, NULL, NULL, NULL, NULL, NULL, NULL),
(102, 'SHES803', 'Théorie des organisations', 1.5, 7, 8, 9, 9, NULL, NULL, NULL, NULL, NULL, NULL),
(103, 'LANG801', 'Anglais (Niveau TOEIC non atteint)', 3.0, 6, 8, NULL, 40.5, NULL, NULL, NULL, NULL, NULL, NULL),
(104, 'LANG802', 'Langues vivantes (Niveau TOEIC atteint)', 3.0, 6, 8, NULL, 35, NULL, NULL, NULL, NULL, NULL, NULL),
(105, 'PROJ801', 'Stage assistant ingénieur', 6.0, 9, 8, NULL, NULL, NULL, NULL, NULL, NULL, NULL, NULL),
(112, 'LANG901', 'Anglais (Niveau TOEIC non atteint)', 2.5, 6, 9, NULL, 40.5, NULL, NULL, NULL, NULL, NULL, NULL),
(113, 'LANG902', 'Langues vivantes (Niveau TOEIC atteint)', 2.5, 6, 9, NULL, 35, NULL, NULL, NULL, NULL, NULL, NULL),
(114, 'SHES901', 'Techniques de management', 1.5, 7, 9, 15, 7.5, NULL, NULL, NULL, NULL, NULL, NULL),
(115, 'PROJ901', 'Projet Recherche et Développement ', 6.0, 9, 9, NULL, NULL, 40, NULL, NULL, NULL, NULL, NULL),
(121, 'PACI641', 'Matériaux actifs et intelligents pour l\'instrumentation', NULL, 4, 6, 21, 15, NULL, NULL, NULL, NULL, NULL, NULL),
(122, 'PACI642', 'Optique appliquée et transmission optique', NULL, 4, 6, 14.5, 15.5, 8, NULL, NULL, NULL, NULL, NULL),
(123, 'EASI641', 'Signaux et systèmes', NULL, 3, 6, 12, 12, 12, NULL, NULL, NULL, NULL, NULL),
(124, 'EASI642', 'Signal et image : opérateurs de base', NULL, 3, 6, 13.5, 13.5, 9, NULL, NULL, NULL, 19, NULL),
(125, 'MATH642', 'Mathématiques spécialisées', NULL, 2, 6, 18, 18, NULL, NULL, NULL, NULL, 24, NULL),
(130, 'EASI744', 'Automatique - Stabilité et commande de systèmes', NULL, 5, 7, 10, 10.5, 16, NULL, NULL, NULL, NULL, NULL),
(131, 'PACI741', 'Electronique d\'instrumentation : notions essentielles pour l\'ingénieur', NULL, 4, 7, 12, 12, 12, NULL, NULL, NULL, NULL, NULL),
(132, 'PACI742', 'Systèmes d\'acquisition de données ', NULL, 4, 7, 4.5, NULL, 32, NULL, NULL, NULL, NULL, NULL),
(133, 'EASI741', 'Signaux aléatoires', NULL, 3, 7, 12, 12, 12, NULL, NULL, NULL, 12, NULL),
(134, 'EASI843', 'Automatisation décentralisée', NULL, 5, 8, NULL, NULL, 24, NULL, NULL, NULL, NULL, NULL),
(135, 'PACI841', 'Physique expérimentale, mesures, capteurs et instrumentation', NULL, 4, 8, 15, 13.5, 64, NULL, NULL, NULL, NULL, NULL),
(136, 'EASI842', 'Analyse d\'image et vision par ordinateur', NULL, 3, 8, 15, 13.5, 12, NULL, NULL, NULL, 19, NULL),
(137, 'EASI844', 'Modèles des systèmes à évènements discrets et applications', NULL, 5, 8, 9, 19.5, 12, NULL, NULL, NULL, 24, NULL),
(141, 'EASI943', 'Approche d\'état en automatique : représentation, commande et observation', NULL, 5, 9, 25.5, 25.5, 20, NULL, NULL, NULL, NULL, NULL),
(142, 'EASI941', 'Systèmes communicants, capteurs communicants', NULL, 8, 9, NULL, NULL, 36, NULL, NULL, NULL, NULL, NULL),
(143, 'EASI942', 'Imagerie 3D : acquisition, reconstruction, applications', NULL, 3, 9, 13.5, 10.5, 12, NULL, NULL, NULL, NULL, NULL),
(144, 'LANG502_ALT', 'Anglais Alternants', 3.0, 6, 5, NULL, 36, NULL, NULL, NULL, NULL, NULL, NULL),
(145, 'SHES532_ALT', 'Ressources et dynamique personnelle et professionnelle', 2.0, 7, 5, 12, 12, NULL, NULL, NULL, NULL, NULL, NULL),
(146, 'LANG602_ALT', 'Anglais Alternants', 3.0, 6, 6, NULL, 36, NULL, NULL, NULL, NULL, NULL, NULL),
(147, 'ENTR531_ALT', 'Mission en entreprise', 2.0, 1, 5, NULL, NULL, NULL, NULL, NULL, NULL, 18, NULL),
(148, 'ENTR532_ALT', 'Immersion en entreprise', 6.0, 7, 5, NULL, NULL, NULL, NULL, NULL, NULL, 18, NULL),
(149, 'ENTR631_ALT', 'Mission en entreprise', 2.0, 1, 6, NULL, NULL, NULL, NULL, NULL, NULL, 18, NULL),
(150, 'ENTR632_ALT', 'Gestion de projet informatique', 6.0, 7, 6, NULL, NULL, NULL, NULL, NULL, NULL, 18, NULL),
(151, 'DDRS631_ALT', 'Numérique Durable', 1.0, 7, 6, 0, 15, NULL, NULL, NULL, NULL, 18, NULL),
(152, 'ENTR731_ALT', 'Mission en entreprise', 2.0, 1, 7, NULL, NULL, NULL, NULL, NULL, NULL, 18, NULL),
(153, 'ENTR732_ALT', 'Projet Technique', 6.0, 7, 7, NULL, NULL, NULL, NULL, NULL, NULL, 18, NULL),
(154, 'ENTR831_ALT', 'Mission en entreprise', 2.0, 1, 8, NULL, NULL, NULL, NULL, NULL, NULL, 18, NULL),
(155, 'ENTR832_ALT', 'Projet Data', 6.0, 1, 8, NULL, NULL, NULL, NULL, NULL, NULL, 18, NULL),
(156, 'ENTR931_ALT', 'Mission en entreprise', 2.0, 1, 9, NULL, NULL, NULL, NULL, NULL, NULL, 18, NULL),
(157, 'ENTR932_ALT', 'Projet IDU', 6.0, 1, 9, NULL, NULL, NULL, NULL, NULL, NULL, 18, 'Projet Usages + Data Science'),
(159, 'LANG702_ALT', 'Anglais Alternant (Niveau TOEIC non atteint) ', 2.0, 6, 7, NULL, 36, NULL, NULL, NULL, NULL, NULL, NULL),
(160, 'LANG701_ALT', 'Anglais Alternant (Niveau TOEIC atteint) ', 2.0, 6, 7, NULL, 32, NULL, NULL, NULL, NULL, NULL, NULL),
(161, 'LANG802_ALT', 'Anglais (Niveau TOEIC non atteint)', 2.0, 6, 8, NULL, 36, NULL, NULL, NULL, NULL, NULL, NULL),
(162, 'LANG801_ALT', 'Anglais (Niveau TOEIC atteint)', 2.0, 6, 8, NULL, 32, NULL, NULL, NULL, NULL, NULL, NULL),
(163, 'LANG902_ALT', 'Anglais (Niveau TOEIC non atteint)', 2.0, 6, 9, NULL, 36, NULL, NULL, NULL, NULL, NULL, NULL),
(164, 'LANG901_ALT', 'Anglais (Niveau TOEIC atteint)', 2.0, 6, 9, NULL, 32, NULL, NULL, NULL, NULL, NULL, NULL),
(165, 'INFO531_ALT', 'BD et algorithmique', 3.0, 1, 5, NULL, 40, NULL, NULL, NULL, NULL, 18, 'Répartition des heures à faire'),
(166, 'MATH532_ALT', 'Mise à niveau maths discrètes générales', 3.0, 2, 5, NULL, 40, NULL, NULL, NULL, NULL, 18, 'Répartition des heures à faire'),
(167, 'SHES631_ALT', 'management de projets informatiques', 1.5, 7, 6, 10.5, 10.5, NULL, NULL, NULL, NULL, NULL, NULL),
(168, 'MATH631_ALT', 'Proba Stat', 2.5, 2, 6, 15, 15, NULL, NULL, NULL, NULL, NULL, NULL),
(169, 'SHES731_ALT', 'Ouverture SHES', 1.0, 7, 7, NULL, 14, NULL, NULL, NULL, NULL, NULL, 'géopolitique, biais de la donnée, discrimination, numérique et environnement...\r\n6 séances de 3,5h TD'),
(170, 'MATH731_ALT', 'Maths discrètes avancées', 1.5, 2, 7, 10.5, 10.5, NULL, NULL, NULL, NULL, NULL, NULL),
(171, 'SHES831_ALT', 'Environnement légal et protection de la donnée personnelle ', 2.0, 7, 8, NULL, 24, NULL, NULL, NULL, NULL, NULL, NULL),
(172, 'MATH831_ALT', 'Représentation géométrique de la donnée', 3.0, 2, 8, 18, 18, NULL, NULL, NULL, NULL, NULL, NULL),
(173, 'SHES931_ALT', 'Ouverture SHES', 3.0, 7, 9, NULL, 35, NULL, NULL, NULL, NULL, NULL, 'géopolitique, biais de la donnée, discrimination, numérique et environnement...\r\n6 séances de 3,5h TD'),
(174, 'MATH931_ALT', 'Maths pour le deep', 3.0, 2, 9, 18, 18, NULL, NULL, NULL, NULL, NULL, NULL),
(175, 'PROJ931_ALT', 'Projet R&D', 2.0, 1, 9, NULL, 28, NULL, NULL, NULL, NULL, NULL, NULL),
(176, 'INFO530_ALT', 'Evaluation Compétences Info', 1.0, 1, 5, NULL, NULL, NULL, 12, NULL, NULL, NULL, 'Évaluation des compétences et remise à niveau en informatique'),
(177, 'INFO403', 'Programmation C', 3.0, 1, 4, 6, 9, 12, NULL, NULL, NULL, NULL, NULL),
(178, 'INFO701_AM', 'Development and deployment frameworks ', 1.0, 1, 7, NULL, NULL, 12, NULL, NULL, NULL, 65, NULL),
(179, 'PROJ541_SNI', 'Découverte expérimentale de la spécialité SNI', 3.0, 1, 5, NULL, NULL, 16, NULL, NULL, NULL, 18, NULL),
(180, 'PROJ832_IDU', 'Flux de Données et Accès Concurrents', 1.5, 1, 8, 4, NULL, NULL, 16, NULL, NULL, 15, NULL);

-- --------------------------------------------------------

--
-- Structure de la table `MAQUETTE_module_as_learning_unit`
--

CREATE TABLE `MAQUETTE_module_as_learning_unit` (
  `id_module` int NOT NULL,
  `id_learning_unit` int NOT NULL
) ENGINE=InnoDB DEFAULT CHARSET=utf8mb4 COLLATE=utf8mb4_0900_ai_ci;

--
-- Déchargement des données de la table `MAQUETTE_module_as_learning_unit`
--

INSERT INTO `MAQUETTE_module_as_learning_unit` (`id_module`, `id_learning_unit`) VALUES
(1, 1),
(76, 1),
(77, 1),
(78, 1),
(79, 1),
(42, 2),
(43, 2),
(45, 2),
(12, 3),
(13, 3),
(80, 3),
(81, 3),
(82, 3),
(83, 3),
(84, 3),
(85, 4),
(86, 4),
(87, 4),
(88, 4),
(89, 4),
(90, 4),
(44, 5),
(49, 5),
(91, 5),
(14, 6),
(74, 6),
(46, 7),
(47, 7),
(48, 7),
(93, 8),
(94, 8),
(95, 8),
(96, 8),
(97, 8),
(50, 9),
(51, 9),
(98, 9),
(16, 10),
(52, 10),
(53, 10),
(54, 11),
(55, 11),
(56, 11),
(100, 12),
(101, 12),
(102, 12),
(103, 12),
(104, 12),
(105, 13),
(57, 14),
(58, 14),
(59, 14),
(64, 14),
(60, 15),
(61, 15),
(62, 15),
(63, 15),
(112, 16),
(113, 16),
(114, 16),
(115, 16),
(65, 17),
(66, 17),
(67, 17),
(68, 18),
(69, 18),
(70, 18);

-- --------------------------------------------------------

--
-- Structure de la table `MAQUETTE_module_sequencage`
--

CREATE TABLE `MAQUETTE_module_sequencage` (
  `id_module_sequencage` int NOT NULL,
  `id_module` int NOT NULL,
  `nombre` int NOT NULL,
  `id_seance_type` int DEFAULT NULL,
  `id_groupe_type` int NOT NULL,
  `duree_h` decimal(10,1) NOT NULL,
  `id_intervenant_principal` int DEFAULT NULL
) ENGINE=InnoDB DEFAULT CHARSET=utf8mb4 COLLATE=utf8mb4_0900_ai_ci;

--
-- Déchargement des données de la table `MAQUETTE_module_sequencage`
--

INSERT INTO `MAQUETTE_module_sequencage` (`id_module_sequencage`, `id_module`, `nombre`, `id_seance_type`, `id_groupe_type`, `duree_h`, `id_intervenant_principal`) VALUES
(1, 13, 3, 1, 1, 1.5, NULL),
(2, 13, 3, 2, 2, 1.5, NULL),
(3, 13, 3, 3, 3, 4.0, NULL),
(4, 61, 7, 1, 1, 1.5, NULL),
(5, 61, 8, 2, 2, 1.5, NULL),
(6, 61, 2, 3, 3, 4.0, NULL),
(7, 61, 2, 3, 2, 4.0, NULL),
(8, 45, 8, 1, 1, 1.5, NULL),
(9, 45, 8, 2, 2, 1.5, NULL),
(10, 45, 4, 3, 3, 4.0, NULL),
(11, 49, 8, 3, 2, 4.0, NULL),
(12, 49, 2, 3, 2, 3.0, NULL),
(13, 49, 2, 3, 2, 2.0, NULL),
(14, 48, 7, 3, 2, 4.0, NULL),
(15, 48, 1, 3, 2, 2.0, NULL),
(16, 44, 7, 1, 1, 1.5, NULL),
(17, 44, 7, 2, 2, 1.5, NULL),
(18, 44, 5, 3, 3, 4.0, NULL),
(19, 60, 8, 1, 1, 3.5, NULL),
(20, 64, 1, 1, 1, 1.5, NULL),
(21, 64, 9, 3, 2, 4.0, NULL),
(22, 12, 8, 1, 1, 1.5, NULL),
(23, 12, 7, 2, 2, 1.5, NULL),
(24, 12, 4, 3, 2, 4.0, NULL),
(25, 42, 9, 1, 1, 1.5, NULL),
(26, 42, 15, 2, 2, 1.5, NULL),
(27, 42, 1, 3, 3, 4.0, NULL),
(28, 57, 5, 1, 1, 1.5, NULL),
(29, 57, 3, 3, 3, 4.0, NULL),
(30, 58, 5, 1, 1, 1.5, NULL),
(31, 58, 4, 2, 2, 1.5, NULL),
(32, 58, 4, 3, 2, 2.0, NULL),
(33, 58, 4, 5, 2, 2.0, NULL),
(34, 58, 1, 4, 1, 1.5, NULL),
(35, 59, 6, 1, 1, 1.5, NULL),
(36, 59, 6, 2, 2, 1.5, NULL),
(37, 59, 3, 3, 3, 4.0, NULL),
(38, 59, 1, 4, 1, 1.5, NULL),
(39, 60, 1, 1, 1, 2.0, NULL),
(40, 62, 7, 1, 1, 1.5, NULL),
(41, 62, 9, 2, 2, 1.5, NULL),
(42, 62, 3, 3, 3, 4.0, NULL),
(43, 62, 1, 4, 1, 1.5, NULL),
(44, 63, 5, 1, 1, 1.5, NULL),
(45, 63, 5, 2, 2, 1.5, NULL),
(46, 63, 6, 3, 3, 4.0, NULL),
(47, 64, 1, 1, 1, 3.0, NULL),
(48, 65, 8, 1, 1, 1.5, NULL),
(49, 65, 8, 2, 2, 1.5, NULL),
(50, 65, 4, 3, 2, 4.0, NULL),
(51, 66, 5, 1, 1, 1.5, NULL),
(52, 66, 6, 3, 2, 4.0, NULL),
(53, 66, 5, 2, 2, 1.5, NULL),
(54, 68, 8, 1, 1, 1.5, NULL),
(55, 68, 8, 2, 2, 1.5, NULL),
(56, 68, 4, 3, 3, 4.0, NULL),
(57, 69, 4, 1, 1, 1.5, NULL),
(58, 69, 8, 2, 2, 1.5, NULL),
(59, 69, 5, 3, 3, 4.0, NULL),
(60, 70, 2, 3, 3, 2.0, NULL),
(61, 70, 9, 3, 3, 4.0, NULL),
(62, 50, 8, 1, 1, 1.5, NULL),
(63, 50, 6, 3, 3, 4.0, NULL),
(64, 51, 9, 1, 1, 1.5, NULL),
(65, 51, 7, 2, 2, 1.5, NULL),
(66, 51, 3, 3, 2, 4.0, NULL),
(67, 51, 1, 3, 3, 4.0, NULL),
(68, 52, 4, 1, 1, 1.5, NULL),
(69, 52, 4, 2, 2, 1.5, NULL),
(70, 52, 6, 3, 3, 4.0, NULL),
(71, 52, 1, 4, 1, 1.5, NULL),
(72, 53, 2, 1, 1, 2.0, NULL),
(73, 53, 2, 2, 2, 2.0, NULL),
(74, 53, 3, 3, 2, 4.0, NULL),
(75, 54, 8, 1, 1, 1.5, NULL),
(76, 54, 5, 2, 2, 1.5, NULL),
(77, 54, 4, 3, 2, 4.0, NULL),
(78, 55, 8, 1, 1, 1.5, NULL),
(79, 55, 6, 3, 2, 4.0, NULL),
(80, 56, 10, 1, 1, 1.5, NULL),
(81, 56, 6, 2, 2, 1.5, NULL),
(82, 56, 3, 3, 2, 4.0, NULL),
(83, 56, 1, 3, 3, 4.0, NULL),
(84, 46, 7, 1, 1, 1.5, NULL),
(85, 46, 9, 2, 2, 1.5, NULL),
(86, 46, 4, 3, 3, 4.0, NULL),
(87, 47, 9, 1, 1, 1.5, NULL),
(88, 47, 10, 2, 2, 1.5, NULL),
(89, 47, 3, 3, 3, 4.0, NULL),
(90, 13, 1, 4, 1, 1.5, NULL),
(91, 61, 1, 4, 1, 1.5, NULL),
(94, 36, 4, 1, 1, 1.5, 17),
(95, 36, 6, 2, 2, 1.5, 17),
(96, 36, 4, 3, 3, 3.0, 17),
(99, 43, 4, 1, 1, 1.5, 6),
(100, 43, 4, 2, 2, 1.5, 6),
(101, 43, 7, 3, 3, 4.0, 6),
(102, 178, 3, 3, 3, 4.0, 65),
(103, 179, 4, 3, 3, 4.0, NULL),
(104, 20, 6, 2, 2, 1.5, NULL),
(105, 20, 5, 3, 3, 4.0, NULL),
(106, 20, 5, 1, 1, 1.5, NULL),
(109, 22, 4, 1, 1, 2.0, NULL),
(110, 22, 8, 3, 3, 4.0, NULL),
(111, 26, 2, 1, 1, 1.5, NULL),
(112, 26, 6, 2, 2, 1.5, NULL),
(113, 26, 6, 3, 3, 4.0, NULL),
(122, 1, 3, 1, 1, 1.5, 14),
(123, 1, 6, 2, 2, 1.5, 14),
(124, 1, 6, 3, 3, 2.0, 28),
(125, 1, 1, 4, 1, 1.5, 14);

--
-- Déclencheurs `MAQUETTE_module_sequencage`
--
DELIMITER $$
CREATE TRIGGER `generate_sequence_from_sequencage` AFTER INSERT ON `MAQUETTE_module_sequencage` FOR EACH ROW INSERT IGNORE INTO `MAQUETTE_module_sequence`  (`id_module_sequencage`,`numero_ordre`, `id_intervenant_principal`, `commentaire`)

SELECT `id_module_sequencage`, orders, `id_intervenant_principal`, null

FROM `MAQUETTE_module_sequencage`, 

(VALUES ROW (1), ROW(2), ROW(3), ROW (4), ROW(5), ROW(6), ROW (7), ROW(8), ROW(9), 

 ROW (10), ROW (11), ROW(12), ROW(13), ROW (14), ROW(15), ROW(16), ROW (17), ROW(18), ROW(19),

 ROW (20), ROW (21), ROW(22), ROW(23), ROW (24), ROW(25), ROW(26), ROW (27), ROW(28), ROW(29),

 ROW (30), ROW (31), ROW(32), ROW(33), ROW (34), ROW(35), ROW(36), ROW (37), ROW(38), ROW(39)  ) sub(orders)

WHERE orders <= nombre
$$
DELIMITER ;
DELIMITER $$
CREATE TRIGGER `update_sequence_intervenant_from_sequencage` AFTER UPDATE ON `MAQUETTE_module_sequencage` FOR EACH ROW UPDATE MAQUETTE_module_sequence

SET MAQUETTE_module_sequence.id_intervenant_principal = NEW.id_intervenant_principal

WHERE MAQUETTE_module_sequence.id_module_sequencage = NEW.id_module_sequencage
$$
DELIMITER ;

-- --------------------------------------------------------

--
-- Structure de la table `MAQUETTE_module_sequence`
--

CREATE TABLE `MAQUETTE_module_sequence` (
  `id_module_sequence` int NOT NULL,
  `id_module_sequencage` int DEFAULT NULL,
  `numero_ordre` int DEFAULT NULL,
  `id_intervenant_principal` int DEFAULT NULL,
  `commentaire` text
) ENGINE=InnoDB DEFAULT CHARSET=utf8mb4 COLLATE=utf8mb4_0900_ai_ci;

--
-- Déchargement des données de la table `MAQUETTE_module_sequence`
--

INSERT INTO `MAQUETTE_module_sequence` (`id_module_sequence`, `id_module_sequencage`, `numero_ordre`, `id_intervenant_principal`, `commentaire`) VALUES
(1, 1, 1, NULL, 'Modèle E/A'),
(2, 1, 2, NULL, 'Modèle Relationnel ; du modèle E/A au modèle Relationnel'),
(3, 1, 3, NULL, 'Algèbre Relationnelle'),
(4, 2, 1, NULL, 'Modèle E/A ; du modèle E/A au modèle Relationnel ; modèle Relationnel'),
(5, 2, 2, NULL, 'Modèle Relationnel ; Algèbre Relationnelle'),
(6, 2, 3, NULL, 'Modèle Relationnel ; du Modèle Relationnel au modèle E/A ; Algèbre Relationnelle étendue'),
(7, 3, 1, NULL, 'TP DVD'),
(8, 3, 2, NULL, 'TP Modif DVD'),
(9, 3, 3, NULL, 'Exam TP'),
(10, 4, 1, NULL, 'Qualité de la donnée'),
(11, 4, 2, NULL, 'Qualité de la donnée'),
(12, 5, 1, NULL, 'Qualité de la donnée'),
(13, 5, 2, NULL, 'Qualité de la donnée'),
(14, 6, 1, NULL, 'Qualité de la donnée'),
(15, 4, 3, NULL, 'Introduction à la qualité logicielle'),
(16, 4, 4, NULL, 'Introduction au test'),
(17, 5, 3, NULL, 'Introduction au test'),
(18, 5, 4, NULL, 'Introduction au test'),
(19, 5, 5, NULL, 'Introduction au test (Salle Info)'),
(20, 6, 2, NULL, 'Introduction au test (Salle Info)'),
(21, 4, 5, NULL, 'Smell code et refactoring'),
(22, 5, 6, NULL, 'Smell code et refactoring'),
(23, 4, 6, NULL, 'Intégration continue Projet'),
(24, 4, 7, NULL, 'Intégration continue Projet (Salle Info)'),
(25, 5, 7, NULL, 'Intégration continue Projet (Salle Info)'),
(26, 5, 8, NULL, 'Intégration continue Projet (Salle Info)'),
(27, 7, 3, NULL, 'Intégration continue Projet (Salle Info)'),
(28, 7, 4, NULL, 'Intégration continue Projet (Salle Info)'),
(29, 8, 1, NULL, 'Théorie et représentation des graphes et arborescences'),
(30, 8, 2, NULL, 'Primitives et parcours des arborescences'),
(31, 8, 3, NULL, 'Arbres N-aires et parcours, ABR, construction et recherche'),
(32, 8, 4, NULL, 'Algorithmes de graphes'),
(33, 8, 5, NULL, 'Langage, lexique et automates à états finis'),
(34, 8, 6, NULL, 'Grammaires, interprétation et compilation'),
(35, 8, 7, NULL, 'Surprise'),
(36, 8, 8, NULL, 'Exam'),
(37, 9, 1, NULL, 'Terminologie des graphes, arbres et arborescences'),
(38, 9, 2, NULL, 'Représentation des graphes arbres et arborescences'),
(39, 9, 3, NULL, 'Primitives d’arborescences'),
(40, 9, 4, NULL, 'Parcours des arborescences'),
(41, 9, 5, NULL, 'Arbres N-aires et parcours, ABR, construction et recherche'),
(42, 9, 6, NULL, 'Algorithmes de graphes'),
(44, 9, 7, NULL, 'Langage, lexique et automates à états finis'),
(45, 9, 8, NULL, 'Grammaires, interprétation et compilation'),
(46, 10, 1, NULL, 'Arborescences génériques'),
(47, 10, 2, NULL, 'ABR'),
(48, 10, 3, NULL, 'Ordonnancement de tâches : Graphes orientés acycliques (DAG)'),
(49, 10, 4, NULL, 'Parler l\'Idule (langue des IDU) : conception d\'un langage'),
(50, 11, 1, NULL, ''),
(51, 11, 2, NULL, NULL),
(52, 11, 3, NULL, NULL),
(53, 12, 4, NULL, NULL),
(54, 11, 5, NULL, NULL),
(55, 11, 6, NULL, NULL),
(56, 11, 7, NULL, NULL),
(57, 12, 8, NULL, NULL),
(58, 11, 9, NULL, NULL),
(59, 13, 10, NULL, NULL),
(60, 13, 11, NULL, NULL),
(61, 11, 12, NULL, NULL),
(62, 14, 1, NULL, NULL),
(63, 14, 2, NULL, NULL),
(64, 14, 3, NULL, NULL),
(65, 14, 4, NULL, NULL),
(66, 14, 5, NULL, NULL),
(67, 14, 6, NULL, NULL),
(68, 14, 7, NULL, NULL),
(69, 15, 8, NULL, NULL),
(70, 16, 1, NULL, 'Logique des propositions'),
(71, 16, 2, NULL, 'Logique des propositions'),
(72, 16, 3, NULL, 'Logique des prédicats'),
(73, 16, 4, NULL, 'Logique des prédicats'),
(74, 16, 5, NULL, 'De la logique à Prolog'),
(75, 16, 6, NULL, 'De la logique à Prolog'),
(76, 16, 7, NULL, 'Exam'),
(77, 17, 1, NULL, 'Logique des propositions'),
(78, 17, 2, NULL, 'Logique des propositions'),
(79, 17, 3, NULL, 'Logique des prédicats'),
(80, 17, 4, NULL, 'Logique des prédicats'),
(81, 17, 5, NULL, 'De la logique à Prolog'),
(82, 17, 6, NULL, 'Surprise'),
(83, 17, 7, NULL, 'Surprise'),
(86, 18, 1, NULL, NULL),
(87, 18, 2, NULL, NULL),
(88, 18, 3, NULL, NULL),
(89, 18, 4, NULL, NULL),
(90, 18, 5, NULL, NULL),
(91, 19, 1, NULL, NULL),
(92, 19, 2, NULL, NULL),
(93, 19, 3, NULL, NULL),
(94, 19, 4, NULL, NULL),
(95, 19, 5, NULL, NULL),
(96, 19, 6, NULL, NULL),
(97, 19, 7, NULL, NULL),
(98, 19, 8, NULL, NULL),
(99, 20, 1, NULL, NULL),
(100, 21, 2, NULL, NULL),
(101, 21, 3, NULL, NULL),
(102, 21, 4, NULL, NULL),
(103, 21, 5, NULL, NULL),
(104, 21, 6, NULL, NULL),
(105, 21, 7, NULL, NULL),
(106, 21, 8, NULL, NULL),
(107, 21, 9, NULL, NULL),
(108, 21, 10, NULL, NULL),
(109, 22, 1, NULL, NULL),
(110, 22, 2, NULL, NULL),
(111, 22, 3, NULL, NULL),
(112, 22, 4, NULL, NULL),
(113, 22, 5, NULL, NULL),
(114, 22, 6, NULL, NULL),
(115, 22, 7, NULL, NULL),
(122, 23, 1, NULL, NULL),
(123, 23, 2, NULL, NULL),
(124, 23, 3, NULL, NULL),
(125, 23, 4, NULL, NULL),
(126, 23, 5, NULL, NULL),
(127, 23, 6, NULL, NULL),
(128, 24, 1, NULL, NULL),
(129, 24, 2, NULL, NULL),
(130, 24, 3, NULL, NULL),
(131, 24, 4, NULL, NULL),
(132, 25, 1, NULL, NULL),
(133, 25, 2, NULL, NULL),
(134, 25, 3, NULL, NULL),
(135, 25, 4, NULL, NULL),
(136, 25, 5, NULL, NULL),
(137, 25, 6, NULL, NULL),
(138, 25, 7, NULL, NULL),
(139, 25, 8, NULL, NULL),
(140, 25, 9, NULL, NULL),
(141, 26, 1, NULL, NULL),
(142, 26, 2, NULL, NULL),
(143, 26, 3, NULL, NULL),
(144, 26, 4, NULL, NULL),
(145, 26, 5, NULL, NULL),
(146, 26, 6, NULL, NULL),
(147, 26, 7, NULL, NULL),
(148, 26, 8, NULL, NULL),
(149, 26, 9, NULL, NULL),
(150, 26, 10, NULL, NULL),
(151, 26, 11, NULL, NULL),
(152, 26, 12, NULL, NULL),
(153, 26, 13, NULL, NULL),
(154, 26, 14, NULL, NULL),
(155, 26, 15, NULL, NULL),
(156, 27, 1, NULL, NULL),
(159, 28, 1, NULL, 'Hadoop'),
(160, 28, 2, NULL, 'Sparq'),
(161, 28, 3, NULL, 'Asure fonction'),
(164, 29, 1, NULL, 'Hadoop'),
(165, 29, 2, NULL, 'Sparq'),
(166, 29, 3, NULL, 'Asure fonction'),
(167, 30, 1, NULL, NULL),
(185, 30, 2, NULL, NULL),
(186, 31, 1, NULL, NULL),
(187, 30, 3, NULL, NULL),
(188, 31, 2, NULL, NULL),
(189, 32, 1, NULL, NULL),
(190, 33, 1, NULL, NULL),
(191, 33, 2, NULL, NULL),
(192, 32, 2, NULL, NULL),
(193, 30, 4, NULL, NULL),
(194, 31, 3, NULL, NULL),
(195, 30, 5, NULL, NULL),
(196, 31, 4, NULL, NULL),
(197, 32, 3, NULL, NULL),
(198, 33, 3, NULL, NULL),
(199, 33, 4, NULL, NULL),
(200, 32, 4, NULL, NULL),
(201, 34, 1, NULL, NULL),
(202, 35, 1, NULL, NULL),
(203, 36, 1, NULL, NULL),
(204, 35, 2, NULL, NULL),
(205, 36, 2, NULL, NULL),
(206, 37, 1, NULL, NULL),
(207, 35, 3, NULL, NULL),
(208, 36, 3, NULL, NULL),
(209, 35, 4, NULL, NULL),
(210, 36, 4, NULL, NULL),
(211, 37, 2, NULL, NULL),
(212, 36, 5, NULL, NULL),
(213, 35, 5, NULL, NULL),
(214, 35, 6, NULL, NULL),
(215, 36, 6, NULL, NULL),
(216, 37, 3, NULL, NULL),
(217, 38, 2, NULL, NULL),
(218, 39, 9, NULL, NULL),
(219, 40, 1, NULL, NULL),
(239, 40, 2, NULL, NULL),
(240, 40, 3, NULL, NULL),
(241, 40, 4, NULL, NULL),
(242, 40, 5, NULL, NULL),
(243, 40, 6, NULL, NULL),
(244, 40, 7, NULL, NULL),
(245, 41, 1, NULL, NULL),
(246, 41, 2, NULL, NULL),
(247, 41, 3, NULL, NULL),
(248, 41, 4, NULL, NULL),
(249, 41, 5, NULL, NULL),
(250, 41, 6, NULL, NULL),
(251, 41, 7, NULL, NULL),
(252, 41, 8, NULL, NULL),
(253, 41, 9, NULL, NULL),
(254, 42, 1, NULL, NULL),
(255, 42, 2, NULL, NULL),
(256, 42, 3, NULL, NULL),
(257, 43, 1, NULL, NULL),
(258, 44, 1, NULL, NULL),
(259, 44, 2, NULL, NULL),
(260, 45, 1, NULL, NULL),
(261, 45, 2, NULL, NULL),
(262, 46, 1, NULL, NULL),
(263, 46, 2, NULL, NULL),
(264, 44, 3, NULL, NULL),
(265, 44, 4, NULL, NULL),
(266, 45, 3, NULL, NULL),
(267, 45, 4, NULL, NULL),
(268, 46, 3, NULL, NULL),
(269, 44, 5, NULL, NULL),
(270, 45, 5, NULL, NULL),
(271, 46, 4, NULL, NULL),
(272, 46, 5, NULL, NULL),
(273, 46, 6, NULL, NULL),
(274, 47, 2, NULL, NULL),
(275, 48, 1, NULL, NULL),
(276, 48, 2, NULL, NULL),
(277, 49, 1, NULL, NULL),
(278, 49, 2, NULL, NULL),
(279, 50, 1, NULL, NULL),
(280, 48, 3, NULL, NULL),
(281, 48, 4, NULL, NULL),
(282, 49, 3, NULL, NULL),
(283, 49, 4, NULL, NULL),
(284, 50, 2, NULL, NULL),
(285, 48, 5, NULL, NULL),
(286, 48, 6, NULL, NULL),
(287, 49, 5, NULL, NULL),
(288, 49, 6, NULL, NULL),
(289, 50, 3, NULL, NULL),
(290, 48, 7, NULL, NULL),
(291, 48, 8, NULL, NULL),
(292, 49, 7, NULL, NULL),
(293, 49, 8, NULL, NULL),
(294, 50, 4, NULL, NULL),
(295, 51, 1, NULL, NULL),
(296, 52, 1, NULL, NULL),
(297, 51, 2, NULL, NULL),
(298, 53, 1, NULL, NULL),
(299, 51, 3, NULL, NULL),
(300, 52, 2, NULL, NULL),
(301, 51, 4, NULL, NULL),
(302, 53, 2, NULL, NULL),
(303, 52, 3, NULL, NULL),
(304, 52, 4, NULL, NULL),
(305, 53, 3, NULL, NULL),
(306, 53, 4, NULL, NULL),
(307, 52, 5, NULL, NULL),
(308, 51, 5, NULL, NULL),
(309, 53, 5, NULL, NULL),
(310, 52, 6, NULL, NULL),
(311, 54, 1, NULL, NULL),
(312, 55, 1, NULL, NULL),
(313, 54, 2, NULL, NULL),
(314, 55, 2, NULL, NULL),
(315, 56, 1, NULL, NULL),
(316, 54, 3, NULL, NULL),
(317, 55, 3, NULL, NULL),
(318, 54, 4, NULL, NULL),
(319, 55, 4, NULL, NULL),
(320, 56, 2, NULL, NULL),
(321, 54, 5, NULL, NULL),
(322, 55, 5, NULL, NULL),
(323, 54, 6, NULL, NULL),
(324, 55, 6, NULL, NULL),
(325, 56, 3, NULL, NULL),
(326, 54, 7, NULL, NULL),
(327, 55, 7, NULL, NULL),
(328, 54, 8, NULL, NULL),
(329, 55, 8, NULL, NULL),
(330, 56, 4, NULL, NULL),
(331, 57, 1, NULL, NULL),
(332, 58, 1, NULL, NULL),
(333, 57, 2, NULL, NULL),
(334, 58, 2, NULL, NULL),
(335, 58, 3, NULL, NULL),
(336, 59, 1, NULL, NULL),
(337, 58, 4, NULL, NULL),
(338, 59, 2, NULL, NULL),
(339, 58, 5, NULL, NULL),
(340, 58, 6, NULL, NULL),
(341, 59, 3, NULL, NULL),
(342, 57, 3, NULL, NULL),
(343, 58, 7, NULL, NULL),
(344, 57, 4, NULL, NULL),
(345, 58, 8, NULL, NULL),
(346, 59, 4, NULL, NULL),
(347, 59, 5, NULL, NULL),
(348, 60, 1, NULL, NULL),
(349, 61, 2, NULL, NULL),
(350, 61, 3, NULL, NULL),
(351, 61, 4, NULL, NULL),
(352, 61, 5, NULL, NULL),
(353, 61, 6, NULL, NULL),
(354, 61, 7, NULL, NULL),
(355, 61, 8, NULL, NULL),
(356, 61, 9, NULL, NULL),
(357, 61, 10, NULL, NULL),
(358, 60, 11, NULL, NULL),
(359, 62, 1, NULL, NULL),
(360, 62, 2, NULL, NULL),
(361, 62, 3, NULL, NULL),
(362, 63, 1, NULL, NULL),
(363, 63, 2, NULL, NULL),
(364, 62, 4, NULL, NULL),
(365, 62, 5, NULL, NULL),
(366, 62, 6, NULL, NULL),
(367, 63, 3, NULL, NULL),
(368, 63, 4, NULL, NULL),
(369, 63, 5, NULL, NULL),
(370, 62, 7, NULL, NULL),
(371, 63, 6, NULL, NULL),
(372, 62, 8, NULL, NULL),
(413, 64, 1, NULL, NULL),
(414, 64, 2, NULL, NULL),
(415, 65, 1, NULL, NULL),
(416, 64, 3, NULL, NULL),
(417, 64, 4, NULL, NULL),
(418, 65, 2, NULL, NULL),
(419, 64, 5, NULL, NULL),
(420, 65, 3, NULL, NULL),
(421, 64, 6, NULL, NULL),
(422, 65, 4, NULL, NULL),
(423, 65, 5, NULL, NULL),
(424, 64, 7, NULL, NULL),
(425, 65, 6, NULL, NULL),
(426, 64, 8, NULL, NULL),
(427, 65, 7, NULL, NULL),
(428, 66, 1, NULL, NULL),
(429, 66, 2, NULL, NULL),
(430, 67, 3, NULL, NULL),
(431, 64, 9, NULL, NULL),
(432, 66, 4, NULL, NULL),
(433, 68, 1, NULL, NULL),
(434, 69, 1, NULL, NULL),
(435, 68, 2, NULL, NULL),
(436, 69, 2, NULL, NULL),
(437, 68, 3, NULL, NULL),
(438, 69, 3, NULL, NULL),
(439, 68, 4, NULL, NULL),
(440, 69, 4, NULL, NULL),
(441, 70, 1, NULL, NULL),
(442, 70, 2, NULL, NULL),
(443, 70, 3, NULL, NULL),
(444, 70, 4, NULL, NULL),
(445, 70, 5, NULL, NULL),
(446, 70, 6, NULL, NULL),
(447, 71, 1, NULL, NULL),
(448, 72, 1, NULL, NULL),
(449, 72, 2, NULL, NULL),
(450, 73, 1, NULL, NULL),
(451, 73, 2, NULL, NULL),
(452, 74, 1, NULL, NULL),
(453, 74, 2, NULL, NULL),
(454, 74, 3, NULL, NULL),
(456, 75, 1, NULL, NULL),
(457, 75, 2, NULL, NULL),
(458, 76, 1, NULL, NULL),
(459, 75, 3, NULL, NULL),
(460, 76, 2, NULL, NULL),
(461, 75, 4, NULL, NULL),
(462, 76, 3, NULL, NULL),
(463, 75, 5, NULL, NULL),
(464, 76, 4, NULL, NULL),
(465, 75, 6, NULL, NULL),
(466, 76, 5, NULL, NULL),
(467, 77, 1, NULL, NULL),
(468, 77, 2, NULL, NULL),
(469, 77, 3, NULL, NULL),
(470, 77, 4, NULL, NULL),
(471, 75, 7, NULL, NULL),
(472, 75, 8, NULL, NULL),
(473, 78, 1, NULL, NULL),
(474, 78, 2, NULL, NULL),
(475, 79, 1, NULL, NULL),
(476, 78, 3, NULL, NULL),
(477, 78, 4, NULL, NULL),
(478, 78, 5, NULL, NULL),
(479, 78, 6, NULL, NULL),
(480, 79, 2, NULL, NULL),
(481, 79, 3, NULL, NULL),
(482, 79, 4, NULL, NULL),
(483, 79, 5, NULL, NULL),
(484, 79, 6, NULL, NULL),
(485, 78, 7, NULL, NULL),
(486, 78, 8, NULL, NULL),
(487, 80, 1, NULL, NULL),
(488, 80, 2, NULL, NULL),
(489, 81, 1, NULL, NULL),
(490, 80, 3, NULL, NULL),
(491, 80, 4, NULL, NULL),
(492, 81, 2, NULL, NULL),
(493, 80, 5, NULL, NULL),
(494, 80, 6, NULL, NULL),
(495, 81, 3, NULL, NULL),
(496, 80, 7, NULL, NULL),
(497, 80, 8, NULL, NULL),
(498, 81, 4, NULL, NULL),
(499, 80, 9, NULL, NULL),
(500, 80, 10, NULL, NULL),
(501, 81, 5, NULL, NULL),
(502, 81, 6, NULL, NULL),
(503, 82, 1, NULL, NULL),
(504, 82, 2, NULL, NULL),
(505, 82, 3, NULL, NULL),
(506, 83, 4, NULL, NULL),
(507, 84, 1, NULL, NULL),
(508, 85, 1, NULL, NULL),
(509, 84, 2, NULL, NULL),
(510, 85, 2, NULL, NULL),
(511, 84, 3, NULL, NULL),
(512, 85, 3, NULL, NULL),
(513, 86, 1, NULL, NULL),
(514, 84, 4, NULL, NULL),
(515, 85, 4, NULL, NULL),
(516, 84, 5, NULL, NULL),
(517, 85, 5, NULL, NULL),
(518, 84, 6, NULL, NULL),
(519, 85, 6, NULL, NULL),
(520, 84, 7, NULL, NULL),
(521, 85, 7, NULL, NULL),
(522, 86, 2, NULL, NULL),
(523, 86, 3, NULL, NULL),
(524, 85, 8, NULL, NULL),
(525, 86, 4, NULL, NULL),
(526, 85, 9, NULL, NULL),
(549, 87, 1, NULL, NULL),
(550, 88, 1, NULL, NULL),
(551, 87, 2, NULL, NULL),
(552, 88, 2, NULL, NULL),
(553, 87, 3, NULL, NULL),
(554, 88, 3, NULL, NULL),
(555, 87, 4, NULL, NULL),
(556, 88, 4, NULL, NULL),
(557, 89, 1, NULL, NULL),
(558, 87, 5, NULL, NULL),
(559, 88, 5, NULL, NULL),
(560, 87, 6, NULL, NULL),
(561, 88, 6, NULL, NULL),
(562, 87, 7, NULL, NULL),
(563, 87, 8, NULL, NULL),
(564, 88, 7, NULL, NULL),
(565, 88, 8, NULL, NULL),
(566, 87, 9, NULL, NULL),
(567, 88, 9, NULL, NULL),
(568, 88, 10, NULL, NULL),
(569, 89, 2, NULL, NULL),
(570, 89, 3, NULL, NULL),
(571, 90, 1, NULL, ''),
(572, 28, 4, NULL, NULL),
(573, 28, 5, NULL, NULL),
(574, 91, 1, NULL, NULL),
(580, 7, 2, NULL, NULL),
(581, 7, 1, NULL, NULL),
(582, 11, 8, NULL, NULL),
(583, 11, 4, NULL, NULL),
(584, 12, 2, NULL, NULL),
(585, 12, 1, NULL, NULL),
(586, 13, 2, NULL, NULL),
(587, 13, 1, NULL, NULL),
(588, 15, 1, NULL, NULL),
(589, 21, 1, NULL, NULL),
(590, 38, 1, NULL, NULL),
(591, 39, 1, NULL, NULL),
(592, 47, 1, NULL, NULL),
(593, 60, 2, NULL, NULL),
(594, 61, 1, NULL, NULL),
(595, 66, 3, NULL, NULL),
(596, 67, 1, NULL, NULL),
(597, 83, 1, NULL, NULL),
(598, 94, 4, NULL, NULL),
(599, 94, 3, NULL, NULL),
(600, 94, 2, NULL, NULL),
(601, 94, 1, NULL, NULL),
(602, 95, 6, NULL, NULL),
(603, 95, 5, NULL, NULL),
(604, 95, 4, NULL, NULL),
(605, 95, 3, NULL, NULL),
(606, 95, 2, NULL, NULL),
(607, 95, 1, NULL, NULL),
(608, 96, 4, NULL, NULL),
(609, 96, 3, NULL, NULL),
(610, 96, 2, NULL, NULL),
(611, 96, 1, NULL, NULL),
(674, 99, 4, NULL, NULL),
(675, 99, 3, NULL, NULL),
(676, 99, 2, NULL, NULL),
(677, 99, 1, NULL, NULL),
(678, 100, 4, NULL, NULL),
(679, 100, 3, NULL, NULL),
(680, 100, 2, NULL, NULL),
(681, 100, 1, NULL, NULL),
(682, 101, 7, NULL, NULL),
(683, 101, 6, NULL, NULL),
(684, 101, 5, NULL, NULL),
(685, 101, 4, NULL, NULL),
(686, 101, 3, NULL, NULL),
(687, 101, 2, NULL, NULL),
(688, 101, 1, NULL, NULL),
(689, 22, 8, NULL, NULL),
(690, 23, 7, NULL, NULL),
(692, 102, 1, NULL, NULL),
(693, 102, 2, NULL, NULL),
(694, 102, 3, NULL, NULL),
(695, 103, 1, NULL, NULL),
(696, 103, 2, NULL, NULL),
(697, 103, 3, NULL, NULL),
(698, 103, 4, NULL, NULL),
(704, 104, 6, NULL, NULL),
(705, 104, 5, NULL, NULL),
(706, 104, 4, NULL, NULL),
(707, 104, 3, NULL, NULL),
(708, 104, 2, NULL, NULL),
(709, 104, 1, NULL, NULL),
(711, 105, 5, NULL, NULL),
(712, 105, 4, NULL, NULL),
(713, 105, 3, NULL, NULL),
(714, 105, 2, NULL, NULL),
(715, 105, 1, NULL, NULL),
(718, 106, 5, NULL, NULL),
(719, 106, 4, NULL, NULL),
(720, 106, 3, NULL, NULL),
(721, 106, 2, NULL, NULL),
(722, 106, 1, NULL, NULL),
(733, 109, 4, NULL, NULL),
(734, 109, 3, NULL, NULL),
(735, 109, 2, NULL, NULL),
(736, 109, 1, NULL, NULL),
(740, 110, 8, NULL, NULL),
(741, 110, 7, NULL, NULL),
(742, 110, 6, NULL, NULL),
(743, 110, 5, NULL, NULL),
(744, 110, 4, NULL, NULL),
(745, 110, 3, NULL, NULL),
(746, 110, 2, NULL, NULL),
(747, 110, 1, NULL, NULL),
(756, 111, 2, NULL, NULL),
(757, 111, 1, NULL, NULL),
(759, 112, 6, NULL, NULL),
(760, 112, 5, NULL, NULL),
(761, 112, 4, NULL, NULL),
(762, 112, 3, NULL, NULL),
(763, 112, 2, NULL, NULL),
(764, 112, 1, NULL, NULL),
(766, 113, 6, NULL, NULL),
(767, 113, 5, NULL, NULL),
(768, 113, 4, NULL, NULL),
(769, 113, 3, NULL, NULL),
(770, 113, 2, NULL, NULL),
(771, 113, 1, NULL, NULL),
(794, 122, 3, 14, NULL),
(795, 122, 2, 14, NULL),
(796, 122, 1, 14, NULL),
(797, 123, 6, 14, NULL),
(798, 123, 5, 14, NULL),
(799, 123, 4, 14, NULL),
(800, 123, 3, 14, NULL),
(801, 123, 2, 14, NULL),
(802, 123, 1, 14, NULL),
(804, 124, 6, 28, NULL),
(805, 124, 5, 28, NULL),
(806, 124, 4, 28, NULL),
(807, 124, 3, 28, NULL),
(808, 124, 2, 28, NULL),
(809, 124, 1, 14, NULL),
(811, 125, 1, 14, NULL);

--
-- Déclencheurs `MAQUETTE_module_sequence`
--
DELIMITER $$
CREATE TRIGGER `generate_seance_from_sequence` AFTER INSERT ON `MAQUETTE_module_sequence` FOR EACH ROW INSERT IGNORE INTO CLASS_session (`id_module_sequence`, `id_groupe`, `id_enseignant`)

SELECT

  `learnagement`.`MAQUETTE_module_sequence`.`id_module_sequence` AS `id_module_sequence`,

  `learnagement`.`LNM_groupe`.`id_groupe` AS `id_groupe`,

  `learnagement`.`MAQUETTE_module_sequence`.`id_intervenant_principal`

  

  FROM `MAQUETTE_module`



  JOIN MAQUETTE_module_as_learning_unit ON MAQUETTE_module_as_learning_unit.id_module = MAQUETTE_module.id_module

  JOIN MAQUETTE_learning_unit ON MAQUETTE_learning_unit.id_learning_unit = MAQUETTE_module_as_learning_unit.id_learning_unit

  JOIN LNM_promo ON MAQUETTE_learning_unit.id_promo = LNM_promo.id_promo

  

  JOIN `LNM_groupe` ON `LNM_promo`.`id_promo` = `LNM_groupe`.`id_promo`

  

  JOIN `MAQUETTE_module_sequencage` ON (`MAQUETTE_module`.`id_module` = `MAQUETTE_module_sequencage`.`id_module`) AND (`LNM_groupe`.`id_groupe_type` = `MAQUETTE_module_sequencage`.`id_groupe_type`)

  JOIN MAQUETTE_module_sequence ON MAQUETTE_module_sequence.id_module_sequencage = MAQUETTE_module_sequencage.id_module_sequencage
$$
DELIMITER ;
DELIMITER $$
CREATE TRIGGER `update_session_intervenant_from_sequence` AFTER UPDATE ON `MAQUETTE_module_sequence` FOR EACH ROW UPDATE CLASS_session

SET CLASS_session.id_enseignant = NEW.id_intervenant_principal

WHERE CLASS_session.id_module_sequence = NEW.id_module_sequence
$$
DELIMITER ;

-- --------------------------------------------------------

--
-- Structure de la table `MRDBF_system_request`
--

CREATE TABLE `MRDBF_system_request` (
  `id_system_request` int NOT NULL,
  `groupe_of_system_request` varchar(50) CHARACTER SET utf8mb4 COLLATE utf8mb4_0900_ai_ci NOT NULL,
  `nom` varchar(50) NOT NULL,
  `request` text NOT NULL
) ENGINE=InnoDB DEFAULT CHARSET=utf8mb4 COLLATE=utf8mb4_0900_ai_ci;

--
-- Déchargement des données de la table `MRDBF_system_request`
--

INSERT INTO `MRDBF_system_request` (`id_system_request`, `groupe_of_system_request`, `nom`, `request`) VALUES
(1, 'Structure', 'link_table', 'SELECT `TABLE_NAME` AS `TABLE_NAME`\r\nFROM `information_schema`.`KEY_COLUMN_USAGE`\r\nWHERE `TABLE_SCHEMA` = \'learnagement\'\r\n    AND `CONSTRAINT_NAME` = \'PRIMARY\'\r\nGROUP BY `TABLE_NAME`\r\nHAVING count(0) = 2;'),
(2, 'Structure', 'linked_table', 'SELECT DISTINCT `TABLE_NAME`\r\nFROM `information_schema`.`KEY_COLUMN_USAGE`\r\nWHERE `TABLE_SCHEMA` = \'learnagement\'\r\nAND `CONSTRAINT_NAME` LIKE \"FK%\"\r\nAND `TABLE_NAME` NOT IN\r\n(SELECT `TABLE_NAME` AS `TABLE_NAME`\r\nFROM `information_schema`.`KEY_COLUMN_USAGE`\r\nWHERE `TABLE_SCHEMA` = \'learnagement\'\r\n    AND `CONSTRAINT_NAME` = \'PRIMARY\'\r\nGROUP BY `TABLE_NAME`\r\nHAVING count(0) = 2);'),
(3, 'Structure', 'leaf_table', 'SELECT DISTINCT `TABLE_NAME` AS `TABLE_NAME`\r\nFROM `information_schema`.`KEY_COLUMN_USAGE`\r\nWHERE `TABLE_SCHEMA` = \'learnagement\'\r\nAND `TABLE_NAME` NOT IN\r\n(SELECT `TABLE_NAME`\r\nFROM `information_schema`.`KEY_COLUMN_USAGE`\r\nWHERE `TABLE_SCHEMA` = \'learnagement\'\r\nAND `CONSTRAINT_NAME` LIKE \"FK%\")'),
(4, 'Check', 'table_without_secondary_K', 'SELECT DISTINCT `TABLE_NAME`\r\nFROM `information_schema`.`KEY_COLUMN_USAGE`\r\nWHERE `TABLE_SCHEMA` = \'learnagement\'\r\nand `TABLE_NAME` not in (\r\nSELECT `TABLE_NAME` AS `TABLE_NAME`\r\nFROM `information_schema`.`KEY_COLUMN_USAGE`\r\nWHERE `TABLE_SCHEMA` = \'learnagement\'\r\n    AND `CONSTRAINT_NAME` = \'SECONDARY\');'),
(5, 'Structure', 'link', 'SELECT DISTINCT TABLE_NAME, REFERENCED_TABLE_NAME\r\nFROM `information_schema`.`KEY_COLUMN_USAGE`\r\nWHERE `TABLE_SCHEMA` = \'learnagement\'\r\nAND `CONSTRAINT_NAME` LIKE \"FK%\";'),
(6, 'Check', 'primaryK_namming_error', 'SELECT DISTINCT TABLE_NAME, COLUMN_NAME, TRIM( SUBSTR(TABLE_NAME, LOCATE(\'_\', TABLE_NAME)) ), TRIM( SUBSTR(COLUMN_NAME, LOCATE(\'_\', COLUMN_NAME)) )\r\nFROM `information_schema`.`KEY_COLUMN_USAGE`\r\nWHERE `TABLE_SCHEMA` = \'learnagement\'\r\nAND `CONSTRAINT_NAME` LIKE \"PRIMARY\"\r\nAND TABLE_NAME IN \r\n(SELECT DISTINCT TABLE_NAME\r\nFROM `information_schema`.`KEY_COLUMN_USAGE`\r\nWHERE `TABLE_SCHEMA` = \'learnagement\'\r\nAND `CONSTRAINT_NAME` LIKE \"PRIMARY\"\r\nGROUP BY TABLE_NAME\r\nHAVING COUNT(*)=1)\r\nAND TRIM( SUBSTR(TABLE_NAME, LOCATE(\'_\', TABLE_NAME)) ) != TRIM( SUBSTR(COLUMN_NAME, LOCATE(\'_\', COLUMN_NAME)) );');

-- --------------------------------------------------------

--
-- Structure de la table `VIEW_check`
--

CREATE TABLE `VIEW_check` (
  `id_view` int NOT NULL,
  `sortIndex` int NOT NULL,
  `name` varchar(30) CHARACTER SET utf8mb4 COLLATE utf8mb4_0900_ai_ci NOT NULL,
  `group_of_views` varchar(30) CHARACTER SET utf8mb4 COLLATE utf8mb4_0900_ai_ci DEFAULT NULL,
  `request` text NOT NULL
) ENGINE=InnoDB DEFAULT CHARSET=utf8mb4 COLLATE=utf8mb4_0900_ai_ci;

--
-- Déchargement des données de la table `VIEW_check`
--

INSERT INTO `VIEW_check` (`id_view`, `sortIndex`, `name`, `group_of_views`, `request`) VALUES
(12, 6, 'Erreur de séquencage', 'Check', 'SELECT \r\n    `MAQUETTE_module`.`code_module`, \r\n    IFNULL(`hCM`,0) + IFNULL(`hTD`,0) + IFNULL(`hTP`,0) + IFNULL(`hTPTD`,0) + IFNULL(`hPROJ`,0) AS `hMCCC`, \r\n    `hCequenced`, \r\n    IFNULL(`hCM`,0) + IFNULL(`hTD`,0) + IFNULL(`hTP`,0) + IFNULL(`hTPTD`,0) + IFNULL(`hPROJ`,0) - `hCequenced` AS `Reste à planifier`\r\nFROM `MAQUETTE_module`\r\nJOIN `LNM_semestre` ON `LNM_semestre`.`id_semestre` = `MAQUETTE_module`.`id_semestre`\r\n  JOIN `learnagement`.`MAQUETE_module_as_learning_unit` ON `learnagement`.`MAQUETTE_module_as_learning_unit`.`id_module` = `learnagement`.`MAQUETTE_module`.`id_module`\r\n  JOIN `learnagement`.`MAQUETTE_learning_unit` ON `learnagement`.`MAQUETTE_learning_unit`.`id_learning_unit` = `learnagement`.`MAQUETTE_module_as_learning_unit`.`id_learning_unit`\r\n  JOIN `learnagement`.`LNM_promo` ON `learnagement`.`MAQUETTE_learning_unit`.`id_promo` = `learnagement`.`LNM_promo`.`id_promo`\r\n  JOIN `learnagement`.`LNM_statut` ON `learnagement`.`LNM_statut`.`id_statut` = `learnagement`.`LNM_promo`.`id_statut`\r\n  JOIN `learnagement`.`LNM_filiere` \r\n       ON `learnagement`.`LNM_filiere`.`id_filiere` = `learnagement`.`LNM_promo`.`id_filiere`\r\n  JOIN `learnagement`.`MAQUETTE_discipline`\r\n       ON `learnagement`.`MAQUETTE_discipline`.`id_discipline` = `learnagement`.`MAQUETTE_module`.`id_discipline`\r\nJOIN (\r\n    SELECT `code_module`, SUM(`duree_h`) as hCequenced\r\n    FROM `MAQUETTE_module_sequencage` \r\n    JOIN `MAQUETTE_module_sequence` ON `MAQUETTE_module_sequence`.id_module_sequencage = `MAQUETTE_module_sequencage`.id_module_sequencage\r\n    JOIN `MAQUETTE_module` ON `MAQUETTE_module`.`id_module` = `MAQUETTE_module_sequencage`.`id_module`\r\n    GROUP BY `code_module`) sequenced ON  sequenced.`code_module` = `MAQUETTE_module`.`code_module`\r\nWHERE 1;'),
(14, 6, 'Surcharge IDU FISEA', 'Check', 'SELECT MAQUETTE_discipline.nom, sum(Module_Supp_IDU_FISEA_FISE.hCM) as hCM, sum(Module_Supp_IDU_FISEA_FISE.hTD) as hTD, 2 * sum(Module_Supp_IDU_FISEA_FISE.hTP) as hTP, sum(Module_Supp_IDU_FISEA_FISE.hTPTD) as hTPTD, ifnull(sum(Module_Supp_IDU_FISEA_FISE.hCM),0)+ifnull(sum(Module_Supp_IDU_FISEA_FISE.hTD),0)+2 * ifnull(sum(Module_Supp_IDU_FISEA_FISE.hTP),0)+ifnull(sum(Module_Supp_IDU_FISEA_FISE.hTPTD),0) as hSup\r\nfrom Module_Supp_IDU_FISEA_FISE \r\nJOIN `learnagement`.`LNM_semestre` ON `learnagement`.`LNM_semestre`.`id_semestre` = Module_Supp_IDU_FISEA_FISE.`id_semestre` \r\nJOIN `learnagement`.`MAQUETTE_discipline` ON `learnagement`.`MAQUETTE_discipline`.`id_discipline` = Module_Supp_IDU_FISEA_FISE.`id_discipline` \r\nJOIN `learnagement`.`MAQUETTE_module_as_learning_unit` ON Module_Supp_IDU_FISEA_FISE.`id_module` = `learnagement`.`MAQUETTE_module_as_learning_unit`.`id_module`\r\nJoin `learnagement`.`MAQUETTE_module` ON `learnagement`.`MAQUETTE_module`.`id_module` = `learnagement`.`MAQUETTE_module_as_learning_unit`.`id_module`\r\nJOIN `learnagement`.`MAQUETTE_learning_unit` ON `learnagement`.`MAQUETTE_module_as_learning_unit`.`id_learning_unit` = `learnagement`.`MAQUETTE_learning_unit`.`id_learning_unit` \r\nJOIN `learnagement`.`LNM_promo` ON `learnagement`.`MAQUETTE_learning_unit`.`id_promo` = `learnagement`.`LNM_promo`.`id_promo` \r\nJOIN `learnagement`.`LNM_filiere` ON `learnagement`.`LNM_filiere`.`id_filiere` = `learnagement`.`LNM_promo`.`id_filiere` \r\nJOIN `LNM_statut` ON `LNM_statut`.`id_statut` = `LNM_promo`.`id_statut` \r\nLEFT OUTER JOIN `learnagement`.`LNM_enseignant` ON Module_Supp_IDU_FISEA_FISE.`id_responsable` = `learnagement`.`LNM_enseignant`.`id_enseignant` \r\nWHERE `learnagement`.`LNM_filiere`.`nom_filiere` = \"IDU\" and `LNM_statut`.nom_statut =\"FISEA\" and 1\r\nGROUP BY MAQUETTE_discipline.nom;');

-- --------------------------------------------------------

--
-- Structure de la table `VIEW_display`
--

CREATE TABLE `VIEW_display` (
  `id_view` int NOT NULL,
  `sortIndex` int NOT NULL,
  `name` varchar(30) CHARACTER SET utf8mb4 COLLATE utf8mb4_0900_ai_ci NOT NULL,
  `group_of_views` varchar(30) CHARACTER SET utf8mb4 COLLATE utf8mb4_0900_ai_ci NOT NULL DEFAULT 'Unclassified',
  `request` text NOT NULL
) ENGINE=InnoDB DEFAULT CHARSET=utf8mb4 COLLATE=utf8mb4_0900_ai_ci;

--
-- Déchargement des données de la table `VIEW_display`
--

INSERT INTO `VIEW_display` (`id_view`, `sortIndex`, `name`, `group_of_views`, `request`) VALUES
(3, 40, 'resposabilite', 'Module', 'SELECT \r\n  CONCAT(`LNM_enseignant`.`prenom`,\' \',`LNM_enseignant`.`nom`) AS `responsable`,\r\n  COUNT(`MAQUETTE_module`.`id_module`) AS `responsabilite`,\r\n  GROUP_CONCAT(distinct `MAQUETTE_module`.`code_module` separator \', \') AS `modules` \r\nFROM \r\n  `LNM_enseignant` \r\n  JOIN `MAQUETTE_module` \r\n       ON `MAQUETTE_module`.`id_responsable` = `LNM_enseignant`.`id_enseignant` \r\n  \r\n  JOIN `MAQUETTE_module_as_learning_unit` ON `MAQUETTE_module_as_learning_unit`.`id_module` = `MAQUETTE_module`.`id_module`\r\n  JOIN `MAQUETTE_learning_unit` ON `MAQUETTE_learning_unit`.`id_learning_unit` = `MAQUETTE_module_as_learning_unit`.`id_learning_unit`\r\n  JOIN `LNM_promo` ON `MAQUETTE_learning_unit`.`id_promo` = `LNM_promo`.`id_promo`\r\n  JOIN `LNM_statut` ON `LNM_statut`.`id_statut` = `LNM_promo`.`id_statut`\r\n  JOIN `LNM_filiere` \r\n       ON `LNM_filiere`.`id_filiere` = `LNM_promo`.`id_filiere`\r\n  JOIN `LNM_semestre` \r\n       ON `LNM_semestre`.`id_semestre` = `MAQUETTE_module`.`id_semestre`\r\n  JOIN `MAQUETTE_discipline`\r\n       ON `MAQUETTE_discipline`.`id_discipline` = `MAQUETTE_module`.`id_discipline`\r\nWHERE 1\r\nGROUP BY `LNM_enseignant`.`nom`, `LNM_enseignant`.`prenom`;'),
(4, 40, 'MCCC par module', 'Module', 'SELECT \r\n`MAQUETTE_module`.`code_module` AS `code_module`, \r\n`MAQUETTE_module`.`nom` AS `nom`, \r\n`MAQUETTE_module`.`ECTS` AS `ECTS`, \r\ngroup_concat(`MAQUETTE_learning_unit`.`learning_unit_code` separator \', \') AS `UE`, \r\ngroup_concat(`LNM_filiere`.`nom_filiere` separator \', \') AS `filieres`, \r\n`MAQUETTE_module`.`hCM` AS `hCM`, \r\n`MAQUETTE_module`.`hTD` AS `hTD`, \r\n`MAQUETTE_module`.`hTP` AS `hTP`, \r\n`MAQUETTE_module`.`hTPTD` AS `hTPTD`, \r\nifnull(`MAQUETTE_module`.`hCM`, 0) + ifnull(`MAQUETTE_module`.`hTD`, 0) + ifnull(`MAQUETTE_module`.`hTP`, 0) + ifnull(`MAQUETTE_module`.`hTPTD`, 0) AS `hTE`,\r\nround((ifnull(`MAQUETTE_module`.`hCM`, 0) + ifnull(`MAQUETTE_module`.`hTD`, 0) + ifnull(`MAQUETTE_module`.`hTP`, 0) + ifnull(`MAQUETTE_module`.`hTPTD`, 0)) / `ECTS`, 2) AS `hTE/ECTS`,\r\nround(`ECTS` / (ifnull(`MAQUETTE_module`.`hCM`, 0) + ifnull(`MAQUETTE_module`.`hTD`, 0) + ifnull(`MAQUETTE_module`.`hTP`, 0) + ifnull(`MAQUETTE_module`.`hTPTD`, 0)), 2) AS `ECTS/hTE`,\r\n`MAQUETTE_module`.`hPROJ` AS `hPROJ`, \r\n`MAQUETTE_module`.`hPersonnelle` AS `hPersonnelle`, \r\nconcat(`LNM_enseignant`.`prenom`,\' \',`LNM_enseignant`.`nom`) AS `responsable`, \r\n`MAQUETTE_module`.`commentaire` AS `commentaire` \r\nFROM `MAQUETTE_module` \r\nJOIN `LNM_semestre` ON `LNM_semestre`.`id_semestre` = `MAQUETTE_module`.`id_semestre` \r\nJOIN `MAQUETTE_discipline` ON `MAQUETTE_discipline`.`id_discipline` = `MAQUETTE_module`.`id_discipline` \r\nJOIN `MAQUETTE_module_as_learning_unit` ON `MAQUETTE_module`.`id_module` = `MAQUETTE_module_as_learning_unit`.`id_module` \r\nJOIN `MAQUETTE_learning_unit` ON `MAQUETTE_module_as_learning_unit`.`id_learning_unit` = `MAQUETTE_learning_unit`.`id_learning_unit` \r\nJOIN `LNM_promo` ON `MAQUETTE_learning_unit`.`id_promo` = `LNM_promo`.`id_promo` \r\nJOIN `LNM_filiere` ON `LNM_filiere`.`id_filiere` = `LNM_promo`.`id_filiere` \r\nJOIN `LNM_statut` ON `LNM_statut`.`id_statut` = `LNM_promo`.`id_statut` \r\nLEFT OUTER JOIN `LNM_enseignant` ON `MAQUETTE_module`.`id_responsable` = `LNM_enseignant`.`id_enseignant` \r\nWHERE 1\r\nGROUP BY `MAQUETTE_module`.`id_module`\r\nORDER BY UE, `MAQUETTE_module`.`code_module`;'),
(5, 30, 'répartition charge CM, TD...', 'Global', 'SELECT \r\n        SUM(`MAQUETTE_module`.`hCM`) AS `hCM`,\r\n        SUM(`MAQUETTE_module`.`hTD`) AS `hTD`,\r\n        SUM(`MAQUETTE_module`.`hTP`) AS `hTP`,\r\n        SUM(`MAQUETTE_module`.`hTPTD`) AS `hTPTD`,\r\n        SUM(`MAQUETTE_module`.`hPROJ`) AS `hPROJ`,\r\n        SUM(`MAQUETTE_module`.`hPersonnelle`) AS `hPersonnelle`,\r\n      (\r\n        SUM(`MAQUETTE_module`.`hCM`) + \r\n        SUM(`MAQUETTE_module`.`hTD`) + \r\n        SUM(`MAQUETTE_module`.`hTP`) + \r\n        SUM(`MAQUETTE_module`.`hTPTD`)\r\n      ) AS `heures filière`\r\n        \r\n    FROM `MAQUETTE_module` \r\nJOIN `LNM_semestre` ON `LNM_semestre`.`id_semestre` = `MAQUETTE_module`.`id_semestre` \r\nJOIN `MAQUETTE_discipline` ON `MAQUETTE_discipline`.`id_discipline` = `MAQUETTE_module`.`id_discipline` \r\nJOIN `MAQUETTE_module_as_learning_unit` ON `MAQUETTE_module`.`id_module` = `MAQUETTE_module_as_learning_unit`.`id_module` \r\nJOIN `MAQUETTE_learning_unit` ON `MAQUETTE_module_as_learning_unit`.`id_learning_unit` = `MAQUETTE_learning_unit`.`id_learning_unit` \r\nJOIN `LNM_promo` ON `MAQUETTE_learning_unit`.`id_promo` = `LNM_promo`.`id_promo` \r\nJOIN `LNM_filiere` ON `LNM_filiere`.`id_filiere` = `LNM_promo`.`id_filiere` \r\nJOIN `LNM_statut` ON `LNM_statut`.`id_statut` = `LNM_promo`.`id_statut` \r\nLEFT OUTER JOIN `LNM_enseignant` ON `MAQUETTE_module`.`id_responsable` = `LNM_enseignant`.`id_enseignant` \r\nWHERE 1;'),
(6, 30, 'Service disciplinaire', 'Global', 'SELECT SUM(`LNM_enseignant`.`service statutaire`) AS `service statutaire`,\r\n       SUM(`LNM_enseignant`.`service effectif`) AS `service avec décharge`\r\nFROM `LNM_enseignant`\r\nWHERE `LNM_enseignant`.`statut` = \'permanent\' \r\n    AND `LNM_enseignant`.`composante` = \'polytech\';'),
(7, 40, 'Charge en responsabilité', 'Module', 'SELECT\r\n  ( IFNULL(SUM((`MAQUETTE_module`.`hCM` * 1.5) * `LNM_promo`.`nbGroupeCM`), 0)\r\n    + IFNULL(SUM(`MAQUETTE_module`.`hTD` * `LNM_promo`.`nbGroupeTD`), 0)\r\n    + IFNULL(SUM(`MAQUETTE_module`.`hTP` * `LNM_promo`.`nbGroupeTP`), 0)\r\n    + IFNULL(SUM(`MAQUETTE_module`.`hTPTD` * `LNM_promo`.`nbGroupeTD`), 0)\r\n  ) AS `Heures enseignant`, \r\n  ( IFNULL(SUM(`MAQUETTE_module`.`hCM`), 0)\r\n    + IFNULL(SUM(`MAQUETTE_module`.`hTD`), 0)\r\n    + IFNULL(SUM(`MAQUETTE_module`.`hTP`), 0)\r\n    + IFNULL(SUM(`MAQUETTE_module`.`hTPTD`), 0)\r\n  ) AS `heures étudiant` \r\nFROM `MAQUETTE_module` \r\n  JOIN `LNM_semestre`                ON `LNM_semestre`.`id_semestre` = `MAQUETTE_module`.`id_semestre` \r\n  JOIN `MAQUETTE_discipline`              ON `MAQUETTE_discipline`.`id_discipline` = `MAQUETTE_module`.`id_discipline` \r\n  JOIN `MAQUETTE_module_as_learning_unit` ON `MAQUETTE_module`.`id_module` = `MAQUETTE_module_as_learning_unit`.`id_module` \r\n  JOIN `MAQUETTE_learning_unit`           ON `MAQUETTE_module_as_learning_unit`.`id_learning_unit` = `MAQUETTE_learning_unit`.`id_learning_unit` \r\n  JOIN `LNM_promo`                   ON `MAQUETTE_learning_unit`.`id_promo` = `LNM_promo`.`id_promo` \r\n  JOIN `LNM_filiere`                 ON `LNM_filiere`.`id_filiere` = `LNM_promo`.`id_filiere` \r\n  JOIN `LNM_statut`                  ON `LNM_statut`.`id_statut` = `LNM_promo`.`id_statut` \r\n  LEFT OUTER JOIN `LNM_enseignant`   ON `MAQUETTE_module`.`id_responsable` = `LNM_enseignant`.`id_enseignant` \r\nWHERE 1;'),
(8, 40, 'répartition seance', 'Module', 'SELECT `MAQUETTE_module`.`code_module`, \r\n       `LNM_enseignant`.`prenom`, \r\n       `LNM_seanceType`.`type`, \r\n       MAQUETTE_module_sequence.`numero_ordre`, \r\n       `LNM_groupe`.`nom_groupe`\r\nFROM `MAQUETTE_module`\r\nJOIN MAQUETTE_module_sequencage  ON MAQUETTE_module_sequencage.id_module = MAQUETTE_module.id_module\r\nJOIN MAQUETTE_module_sequence ON MAQUETTE_module_sequence.id_module_sequencage = MAQUETTE_module_sequencage.id_module_sequencage\r\nJOIN CLASS_session_to_be_affected ON CLASS_session_to_be_affected.id_module_sequence = MAQUETTE_module_sequence.id_module_sequence\r\nJOIN CLASS_session_to_be_affected_as_enseignant ON CLASS_session_to_be_affected.id_seance_to_be_affected = CLASS_session_to_be_affected_as_enseignant.id_seance_to_be_affected\r\nJOIN `LNM_enseignant` ON `CLASS_session_to_be_affected_as_enseignant`.`id_enseignant` = `LNM_enseignant`.`id_enseignant`\r\nJOIN `LNM_groupe` ON `CLASS_session_to_be_affected`.`id_groupe` = `LNM_groupe`.`id_groupe` \r\nJOIN `LNM_seanceType` ON `LNM_seanceType`.`id_seance_type` = MAQUETTE_module_sequencage.`id_seance_type`\r\nJOIN `MAQUETTE_module_as_learning_unit` ON `MAQUETTE_module_as_learning_unit`.`id_module` = `MAQUETTE_module`.`id_module`\r\nJOIN `MAQUETTE_learning_unit` ON `MAQUETTE_learning_unit`.`id_learning_unit` = `MAQUETTE_module_as_learning_unit`.`id_learning_unit`\r\nJOIN `LNM_promo` ON `MAQUETTE_learning_unit`.`id_promo` = `LNM_promo`.`id_promo`\r\nJOIN `LNM_statut` ON `LNM_statut`.`id_statut` = `LNM_promo`.`id_statut`\r\nJOIN `LNM_filiere` ON `LNM_filiere`.`id_filiere` = `LNM_promo`.`id_filiere`\r\nJOIN `LNM_semestre` ON `LNM_semestre`.`id_semestre` = `MAQUETTE_module`.`id_semestre`\r\nJOIN `MAQUETTE_discipline` ON `MAQUETTE_discipline`.`id_discipline` = `MAQUETTE_module`.`id_discipline`\r\nWHERE 1\r\nORDER BY `MAQUETTE_module`.`code_module`, \r\n         `LNM_seanceType`.`type`, \r\n         MAQUETTE_module_sequence.`numero_ordre`, \r\n         `LNM_groupe`.`nom_groupe`;'),
(9, 40, 'Dépendance de séances', 'Module', 'SELECT previousModule.`code_module` as \"module précédent\", \r\n       CONCAT(previousSeanceType.`type`, \r\n       previousSequences.`numero_ordre`) as \"séance précédente\",\r\n       nextModule.`code_module` as \"module suivant\", \r\n       CONCAT(nextSeanceType.`type`, \r\n       nextSequences.`numero_ordre`) as \"séance suivante\"\r\n\r\nFROM `MAQUETTE_dependance_sequence` \r\n\r\nJOIN `MAQUETTE_module_sequence` previousSequences \r\n    ON previousSequences.`id_module_sequence` = `MAQUETTE_dependance_sequence`.`id_sequence_prev` \r\nJOIN `MAQUETTE_module_sequencage` previousSequencages \r\n    ON previousSequencages.`id_module_sequencage` = previousSequences.`id_module_sequencage`\r\nJOIN `MAQUETTE_module` previousModule \r\n    ON previousModule.`id_module` = previousSequencages.`id_module` \r\nJOIN `LNM_seanceType` previousSeanceType\r\n    ON previousSeanceType.id_seance_type = previousSequencages.`id_seance_type`\r\n\r\nJOIN `MAQUETTE_module` \r\n    ON `MAQUETTE_module`.`id_module` = previousModule.`id_module`\r\nJOIN `LNM_semestre` \r\n    ON `LNM_semestre`.`id_semestre` = `MAQUETTE_module`.`id_semestre`\r\n\r\nJOIN `MAQUETTE_module_sequence` nextSequences \r\n    ON nextSequences.`id_module_sequence` = `MAQUETTE_dependance_sequence`.`id_sequence_next`  \r\nJOIN `MAQUETTE_module_sequencage` nextSequencages \r\n    ON nextSequencages.`id_module_sequencage` = nextSequences.`id_module_sequencage`\r\nJOIN `MAQUETTE_module` nextModule \r\n    ON nextModule.`id_module` = nextSequencages.`id_module` \r\nJOIN `LNM_seanceType` nextSeanceType\r\n    ON nextSeanceType.id_seance_type = nextSequencages.`id_seance_type`\r\n\r\nJOIN `MAQUETTE_module_as_learning_unit` ON `MAQUETTE_module_as_learning_unit`.`id_module` = `MAQUETTE_module`.`id_module`\r\n  JOIN `MAQUETTE_learning_unit` ON `MAQUETTE_learning_unit`.`id_learning_unit` = `MAQUETTE_module_as_learning_unit`.`id_learning_unit`\r\n  JOIN `LNM_promo` ON `MAQUETTE_learning_unit`.`id_promo` = `LNM_promo`.`id_promo`\r\n  JOIN `LNM_statut` ON `LNM_statut`.`id_statut` = `LNM_promo`.`id_statut`\r\n  JOIN `LNM_filiere` \r\n       ON `LNM_filiere`.`id_filiere` = `LNM_promo`.`id_filiere`\r\n  JOIN `MAQUETTE_discipline`\r\n       ON `MAQUETTE_discipline`.`id_discipline` = `MAQUETTE_module`.`id_discipline`\r\nWHERE 1;'),
(11, 30, 'resposabilités globales', 'Global', 'SELECT \r\n  CONCAT(enseignant.`prenom`,\' \',enseignant.`nom`) AS `responsable`,\r\n  COUNT(module.`id_module`) AS `responsabilite`,\r\n  GROUP_CONCAT(distinct module.`code_module` separator \', \') AS `modules` \r\nFROM \r\n  `LNM_enseignant` enseignant\r\n  JOIN `MAQUETTE_module` module ON module.`id_responsable` = enseignant.`id_enseignant` \r\nWHERE 1\r\nGROUP BY enseignant.`nom`, enseignant.`prenom`'),
(13, 50, 'MCCC par UE', 'UE', 'SELECT \r\nsum(`MAQUETTE_module`.`ECTS`) AS `ECTS`, \r\n`MAQUETTE_learning_unit`.`learning_unit_code` AS `UE`, \r\n`LNM_filiere`.`nom_filiere` AS `filieres`, \r\nsum(`MAQUETTE_module`.`hCM`) AS `hCM`, \r\nsum(`MAQUETTE_module`.`hTD`) AS `hTD`, \r\nsum(`MAQUETTE_module`.`hTP`) AS `hTP`, \r\nsum(`MAQUETTE_module`.`hTPTD`) AS `hTPTD`, \r\nsum(`MAQUETTE_module`.`hPROJ`) AS `hPROJ`, \r\nsum(`MAQUETTE_module`.`hPersonnelle`) AS `hPersonnelle`,\r\nifnull(sum(`MAQUETTE_module`.`hCM`), 0) + ifnull(sum(`MAQUETTE_module`.`hTD`), 0) + ifnull(sum(`MAQUETTE_module`.`hTP`), 0) + ifnull(sum(`MAQUETTE_module`.`hTPTD`), 0) AS `hTotale`\r\nFROM `MAQUETTE_module` \r\nJOIN `LNM_semestre` ON `LNM_semestre`.`id_semestre` = `MAQUETTE_module`.`id_semestre` \r\nJOIN `MAQUETTE_discipline` ON `MAQUETTE_discipline`.`id_discipline` = `MAQUETTE_module`.`id_discipline` \r\nJOIN `MAQUETTE_module_as_learning_unit` ON `MAQUETTE_module`.`id_module` = `MAQUETTE_module_as_learning_unit`.`id_module` \r\nJOIN `MAQUETTE_learning_unit` ON `MAQUETTE_module_as_learning_unit`.`id_learning_unit` = `MAQUETTE_learning_unit`.`id_learning_unit` \r\nJOIN `LNM_promo` ON `MAQUETTE_learning_unit`.`id_promo` = `LNM_promo`.`id_promo` \r\nJOIN `LNM_filiere` ON `LNM_filiere`.`id_filiere` = `LNM_promo`.`id_filiere` \r\nJOIN `LNM_statut` ON `LNM_statut`.`id_statut` = `LNM_promo`.`id_statut` \r\nLEFT OUTER JOIN `LNM_enseignant` ON `MAQUETTE_module`.`id_responsable` = `LNM_enseignant`.`id_enseignant` \r\nWHERE 1\r\nGROUP BY `MAQUETTE_learning_unit`.`learning_unit_code`, `LNM_filiere`.`nom_filiere`;'),
(15, 50, 'MCCC par Semestre', 'Semestre', 'SELECT \r\nsum(`MAQUETTE_module`.`ECTS`) AS `ECTS`, \r\n`LNM_semestre`.`id_semestre` AS `semestre`, \r\n`LNM_filiere`.`nom_filiere` AS `filiere`, \r\nsum(`MAQUETTE_module`.`hCM`) AS `hCM`, \r\nsum(`MAQUETTE_module`.`hTD`) AS `hTD`, \r\nsum(`MAQUETTE_module`.`hTP`) AS `hTP`, \r\nsum(`MAQUETTE_module`.`hTPTD`) AS `hTPTD`, \r\nsum(`MAQUETTE_module`.`hPROJ`) AS `hPROJ`, \r\nsum(`MAQUETTE_module`.`hPersonnelle`) AS `hPersonnelle`,\r\nifnull(sum(`MAQUETTE_module`.`hCM`), 0) + ifnull(sum(`MAQUETTE_module`.`hTD`), 0) + ifnull(sum(`MAQUETTE_module`.`hTP`), 0) + ifnull(sum(`MAQUETTE_module`.`hTPTD`), 0) AS `hTotale`\r\nFROM `MAQUETTE_module` \r\nJOIN `LNM_semestre` ON `LNM_semestre`.`id_semestre` = `MAQUETTE_module`.`id_semestre` \r\nJOIN `MAQUETTE_discipline` ON `MAQUETTE_discipline`.`id_discipline` = `MAQUETTE_module`.`id_discipline` \r\nJOIN `MAQUETTE_module_as_learning_unit` ON `MAQUETTE_module`.`id_module` = `MAQUETTE_module_as_learning_unit`.`id_module` \r\nJOIN `MAQUETTE_learning_unit` ON `MAQUETTE_module_as_learning_unit`.`id_learning_unit` = `MAQUETTE_learning_unit`.`id_learning_unit` \r\nJOIN `LNM_promo` ON `MAQUETTE_learning_unit`.`id_promo` = `LNM_promo`.`id_promo` \r\nJOIN `LNM_filiere` ON `LNM_filiere`.`id_filiere` = `LNM_promo`.`id_filiere` \r\nJOIN `LNM_statut` ON `LNM_statut`.`id_statut` = `LNM_promo`.`id_statut` \r\nLEFT OUTER JOIN `LNM_enseignant` ON `MAQUETTE_module`.`id_responsable` = `LNM_enseignant`.`id_enseignant` \r\nWHERE 1\r\nGROUP BY `LNM_semestre`.`id_semestre`, `LNM_filiere`.`nom_filiere`\r\nORDER BY `LNM_semestre`.`id_semestre`;'),
(18, 20, '2 Intervention par module', 'Enseignant', 'SELECT LNM_enseignant.prenom, LNM_enseignant.nom, MAQUETTE_module.code_module, \r\nSUM(case when LNM_seanceType.type = \"CM\" THEN MAQUETTE_module_sequencage.duree_h END) AS \"CM\",\r\nSUM(case when LNM_seanceType.type = \"TD\" THEN MAQUETTE_module_sequencage.duree_h END) AS \"TD\",\r\nSUM(case when LNM_seanceType.type = \"TP\" THEN MAQUETTE_module_sequencage.duree_h END) AS \"TP\"\r\nFROM `MAQUETTE_module` \r\nJOIN MAQUETTE_module_sequencage ON MAQUETTE_module_sequencage.id_module = MAQUETTE_module.id_module\r\nJOIN MAQUETTE_module_sequence ON MAQUETTE_module_sequence.id_module_sequencage = MAQUETTE_module_sequencage.id_module_sequencage\r\nJOIN CLASS_session_to_be_affected ON CLASS_session_to_be_affected.id_module_sequence = MAQUETTE_module_sequence.id_module_sequence\r\nJOIN LNM_groupe ON LNM_groupe.id_groupe = CLASS_session_to_be_affected.id_groupe\r\nJOIN CLASS_session_to_be_affected_as_enseignant ON CLASS_session_to_be_affected_as_enseignant.id_seance_to_be_affected = CLASS_session_to_be_affected.id_seance_to_be_affected\r\nJOIN LNM_enseignant ON LNM_enseignant.id_enseignant = CLASS_session_to_be_affected_as_enseignant.id_enseignant\r\nJOIN LNM_seanceType ON LNM_seanceType.id_seance_type = MAQUETTE_module_sequencage.id_seance_type\r\nWHERE 1\r\nGROUP BY LNM_enseignant.prenom, LNM_enseignant.nom, MAQUETTE_module.code_module \r\nORDER BY `LNM_enseignant`.`nom` DESC;'),
(19, 20, '3 Intervention par groupe', 'Enseignant', 'SELECT LNM_enseignant.prenom, LNM_enseignant.nom, MAQUETTE_module.code_module, LNM_groupe.nom_groupe,\r\nSUM(case when LNM_seanceType.type = \"CM\" THEN MAQUETTE_module_sequencage.duree_h END) AS \"CM\",\r\nSUM(case when LNM_seanceType.type = \"TD\" THEN MAQUETTE_module_sequencage.duree_h END) AS \"TD\",\r\nSUM(case when LNM_seanceType.type = \"TP\" THEN MAQUETTE_module_sequencage.duree_h END) AS \"TP\"\r\nFROM `MAQUETTE_module` \r\nJOIN MAQUETTE_module_sequencage ON MAQUETTE_module_sequencage.id_module = MAQUETTE_module.id_module\r\nJOIN MAQUETTE_module_sequence ON MAQUETTE_module_sequence.id_module_sequencage = MAQUETTE_module_sequencage.id_module_sequencage\r\nJOIN CLASS_session_to_be_affected ON CLASS_session_to_be_affected.id_module_sequence = MAQUETTE_module_sequence.id_module_sequence\r\nJOIN LNM_groupe ON LNM_groupe.id_groupe = CLASS_session_to_be_affected.id_groupe\r\nJOIN CLASS_session_to_be_affected_as_enseignant ON CLASS_session_to_be_affected_as_enseignant.id_seance_to_be_affected = CLASS_session_to_be_affected.id_seance_to_be_affected\r\nJOIN LNM_enseignant ON LNM_enseignant.id_enseignant = CLASS_session_to_be_affected_as_enseignant.id_enseignant\r\nJOIN LNM_seanceType ON LNM_seanceType.id_seance_type = MAQUETTE_module_sequencage.id_seance_type\r\nWHERE 1\r\nGROUP BY LNM_enseignant.prenom, LNM_enseignant.nom, MAQUETTE_module.code_module,  LNM_groupe.nom_groupe\r\nORDER BY LNM_groupe.nom_groupe, `LNM_enseignant`.`nom`;'),
(21, 20, '1 Intervention par CMTDTP', 'Enseignant', 'SELECT LNM_enseignant.prenom, LNM_enseignant.nom, \r\nSUM(case when LNM_seanceType.type = \"CM\" THEN MAQUETTE_module_sequencage.duree_h END) AS \"CM\",\r\nSUM(case when LNM_seanceType.type = \"TD\" THEN MAQUETTE_module_sequencage.duree_h END) AS \"TD\",\r\nSUM(case when LNM_seanceType.type = \"TP\" THEN MAQUETTE_module_sequencage.duree_h END) AS \"TP\"\r\nFROM `MAQUETTE_module` \r\nJOIN MAQUETTE_module_sequencage ON MAQUETTE_module_sequencage.id_module = MAQUETTE_module.id_module\r\nJOIN MAQUETTE_module_sequence ON MAQUETTE_module_sequence.id_module_sequencage = MAQUETTE_module_sequencage.id_module_sequencage\r\nJOIN CLASS_session_to_be_affected ON CLASS_session_to_be_affected.id_module_sequence = MAQUETTE_module_sequence.id_module_sequence\r\nJOIN LNM_groupe ON LNM_groupe.id_groupe = CLASS_session_to_be_affected.id_groupe\r\nJOIN CLASS_session_to_be_affected_as_enseignant ON CLASS_session_to_be_affected_as_enseignant.id_seance_to_be_affected = CLASS_session_to_be_affected.id_seance_to_be_affected\r\nJOIN LNM_enseignant ON LNM_enseignant.id_enseignant = CLASS_session_to_be_affected_as_enseignant.id_enseignant\r\nJOIN LNM_seanceType ON LNM_seanceType.id_seance_type = MAQUETTE_module_sequencage.id_seance_type\r\nWHERE 1\r\nGROUP BY LNM_enseignant.prenom, LNM_enseignant.nom\r\nORDER BY `LNM_enseignant`.`nom` DESC;'),
(22, 20, '0 Intervention : Charge', 'Enseignant', 'SELECT LNM_enseignant.prenom, LNM_enseignant.nom, \r\nSUM(\r\nCASE \r\nWHEN LNM_seanceType.type = \"CM\" THEN MAQUETTE_module_sequencage.duree_h \r\nWHEN LNM_seanceType.type = \"TD\" THEN MAQUETTE_module_sequencage.duree_h\r\nWHEN LNM_seanceType.type = \"TP\" THEN MAQUETTE_module_sequencage.duree_h \r\nEND) AS \"Charge\"\r\nFROM `MAQUETTE_module` \r\nJOIN MAQUETTE_module_sequencage ON MAQUETTE_module_sequencage.id_module = MAQUETTE_module.id_module\r\nJOIN MAQUETTE_module_sequence ON MAQUETTE_module_sequence.id_module_sequencage = MAQUETTE_module_sequencage.id_module_sequencage\r\nJOIN CLASS_session_to_be_affected ON CLASS_session_to_be_affected.id_module_sequence = MAQUETTE_module_sequence.id_module_sequence\r\nJOIN LNM_groupe ON LNM_groupe.id_groupe = CLASS_session_to_be_affected.id_groupe\r\nJOIN CLASS_session_to_be_affected_as_enseignant ON CLASS_session_to_be_affected_as_enseignant.id_seance_to_be_affected = CLASS_session_to_be_affected.id_seance_to_be_affected\r\nJOIN LNM_enseignant ON LNM_enseignant.id_enseignant = CLASS_session_to_be_affected_as_enseignant.id_enseignant\r\nJOIN LNM_seanceType ON LNM_seanceType.id_seance_type = MAQUETTE_module_sequencage.id_seance_type\r\nWHERE 1\r\nGROUP BY LNM_enseignant.prenom, LNM_enseignant.nom\r\nORDER BY `LNM_enseignant`.`nom` DESC;');

-- --------------------------------------------------------

--
-- Structure de la table `VIEW_parameters_of_views`
--

CREATE TABLE `VIEW_parameters_of_views` (
  `id_parameters_of_views` int NOT NULL,
  `userId` int DEFAULT NULL,
  `sessionId` varchar(50) CHARACTER SET utf8mb4 COLLATE utf8mb4_0900_ai_ci NOT NULL,
  `id_semestre` tinyint DEFAULT NULL,
  `id_module` int DEFAULT NULL,
  `id_discipline` int DEFAULT NULL,
  `id_enseignant` int DEFAULT NULL,
  `id_filiere` int DEFAULT NULL,
  `id_statut` int DEFAULT NULL
) ENGINE=InnoDB DEFAULT CHARSET=utf8mb4 COLLATE=utf8mb4_0900_ai_ci;

--
-- Déchargement des données de la table `VIEW_parameters_of_views`
--

INSERT INTO `VIEW_parameters_of_views` (`id_parameters_of_views`, `userId`, `sessionId`, `id_semestre`, `id_module`, `id_discipline`, `id_enseignant`, `id_filiere`, `id_statut`) VALUES
(4, 6, 'ccdc72062628625b1bf2f51be2fc2429', NULL, NULL, NULL, 6, NULL, NULL),
(5, NULL, '09289067e0c2fb1ec4a01c4f01bd3eb3', NULL, NULL, NULL, NULL, 3, NULL),
(15, NULL, '38ad2132d470f361b74764dd7d14abf5', NULL, NULL, NULL, NULL, NULL, NULL),
(17, NULL, '67652732c255826b644a98a877691b05', NULL, NULL, NULL, NULL, NULL, NULL),
(18, NULL, '423439fc2915e1ec3333726aba5aaf6c', NULL, NULL, NULL, NULL, NULL, NULL),
(19, 6, '', NULL, NULL, NULL, 6, NULL, NULL),
(22, NULL, '3bd0e1e6b036a03a4f156e5aadad67b7', NULL, NULL, NULL, NULL, NULL, NULL),
(31, 14, 'd76bd0b9d454ff66e6316572cf51af60', NULL, NULL, NULL, 14, NULL, NULL);

-- --------------------------------------------------------

--
-- Structure de la table `VIEW_updatable`
--

CREATE TABLE `VIEW_updatable` (
  `id_updatable` int NOT NULL,
  `sortIndex` int NOT NULL,
  `table_name` varchar(50) CHARACTER SET utf8mb4 COLLATE utf8mb4_0900_ai_ci NOT NULL,
  `table_name_displayed` varchar(40) CHARACTER SET utf8mb4 COLLATE utf8mb4_0900_ai_ci NOT NULL,
  `group_of_views` varchar(30) CHARACTER SET utf8mb4 COLLATE utf8mb4_0900_ai_ci NOT NULL,
  `allow_insert` tinyint NOT NULL,
  `allow_update` tinyint NOT NULL,
  `request` text NOT NULL
) ENGINE=InnoDB DEFAULT CHARSET=utf8mb4 COLLATE=utf8mb4_0900_ai_ci;

--
-- Déchargement des données de la table `VIEW_updatable`
--

INSERT INTO `VIEW_updatable` (`id_updatable`, `sortIndex`, `table_name`, `table_name_displayed`, `group_of_views`, `allow_insert`, `allow_update`, `request`) VALUES
(1, 1, 'MAQUETTE_module', 'Modules', 'Module', 1, 1, 'SELECT DISTINCT MAQUETTE_module.* \nFROM MAQUETTE_module\nJOIN MAQUETTE_discipline ON MAQUETTE_discipline.id_discipline=MAQUETTE_module.id_discipline\nJOIN LNM_semestre ON LNM_semestre.id_semestre=MAQUETTE_module.id_semestre\n\n  JOIN MAQUETTE_module_as_learning_unit ON MAQUETTE_module_as_learning_unit.id_module = MAQUETTE_module.id_module\n  JOIN MAQUETTE_learning_unit ON MAQUETTE_learning_unit.id_learning_unit = MAQUETTE_module_as_learning_unit.id_learning_unit\n  JOIN LNM_promo ON MAQUETTE_learning_unit.id_promo = LNM_promo.id_promo\n\nJOIN LNM_statut ON LNM_statut.id_statut = LNM_promo.id_statut\nJOIN LNM_filiere ON LNM_filiere.id_filiere = LNM_promo.id_filiere\nWHERE 1;'),
(2, 2, 'MAQUETTE_module_sequencage', 'Séquencages', 'Module', 1, 1, 'SELECT DISTINCT `MAQUETTE_module_sequencage`.* \r\nFROM `MAQUETTE_module_sequencage` \r\nJOIN MAQUETTE_module ON MAQUETTE_module.id_module=MAQUETTE_module_sequencage.id_module\r\nJOIN MAQUETTE_discipline ON MAQUETTE_discipline.id_discipline=MAQUETTE_module.id_discipline\r\nJOIN LNM_semestre ON LNM_semestre.id_semestre=MAQUETTE_module.id_semestre\r\n\r\n  JOIN MAQUETTE_module_as_learning_unit ON MAQUETTE_module_as_learning_unit.id_module = MAQUETTE_module.id_module\r\n  JOIN MAQUETTE_learning_unit ON MAQUETTE_learning_unit.id_learning_unit = MAQUETTE_module_as_learning_unit.id_learning_unit\r\n  JOIN LNM_promo ON MAQUETTE_learning_unit.id_promo = LNM_promo.id_promo\r\n\r\nJOIN LNM_statut ON LNM_statut.id_statut = LNM_promo.id_statut\r\nJOIN LNM_filiere ON LNM_filiere.id_filiere = LNM_promo.id_filiere\r\nWHERE 1;'),
(3, 3, 'MAQUETTE_dependance_sequence', 'Dépendances séquences', 'Module', 1, 1, 'SELECT `MAQUETTE_dependance_sequence`.* \r\nFROM `MAQUETTE_dependance_sequence` \r\nJOIN MAQUETTE_module_sequence ON MAQUETTE_module_sequence.id_module_sequence = MAQUETTE_dependance_sequence.id_sequence_prev \r\n\r\nJOIN MAQUETTE_module_sequencage ON MAQUETTE_module_sequencage.id_module_sequencage = MAQUETTE_module_sequence.id_module_sequencage\r\n\r\nJOIN MAQUETTE_module ON MAQUETTE_module.id_module=MAQUETTE_module_sequencage.id_module \r\nJOIN MAQUETTE_discipline ON MAQUETTE_discipline.id_discipline=MAQUETTE_module.id_discipline \r\nJOIN LNM_semestre ON LNM_semestre.id_semestre=MAQUETTE_module.id_semestre \r\nJOIN MAQUETTE_module_as_learning_unit ON MAQUETTE_module_as_learning_unit.id_module = MAQUETTE_module.id_module \r\nJOIN MAQUETTE_learning_unit ON MAQUETTE_learning_unit.id_learning_unit = MAQUETTE_module_as_learning_unit.id_learning_unit \r\nJOIN LNM_promo ON MAQUETTE_learning_unit.id_promo = LNM_promo.id_promo \r\nJOIN LNM_statut ON LNM_statut.id_statut = LNM_promo.id_statut \r\nJOIN LNM_filiere ON LNM_filiere.id_filiere = LNM_promo.id_filiere \r\nWHERE 1;'),
(4, 4, 'MAQUETTE_module_as_learning_unit', 'Afectation Module UE', 'Module', 1, 1, 'SELECT MAQUETTE_module_as_learning_unit.* \r\nFROM MAQUETTE_module_as_learning_unit\r\nJOIN MAQUETTE_module ON MAQUETTE_module.id_module = MAQUETTE_module_as_learning_unit.id_module\r\nJOIN MAQUETTE_discipline ON MAQUETTE_discipline.id_discipline = MAQUETTE_module.id_discipline\r\nJOIN LNM_semestre ON LNM_semestre.id_semestre = MAQUETTE_module.id_semestre\r\n JOIN MAQUETTE_learning_unit ON MAQUETTE_learning_unit.id_learning_unit = MAQUETTE_module_as_learning_unit.id_learning_unit\r\nJOIN LNM_promo ON MAQUETTE_learning_unit.id_promo = LNM_promo.id_promo\r\nJOIN LNM_statut ON LNM_statut.id_statut = LNM_promo.id_statut\r\nJOIN LNM_filiere ON LNM_filiere.id_filiere = LNM_promo.id_filiere\r\nWHERE 1;'),
(5, 5, 'CLASS_session_type_to_be_affected_as_enseignant', 'Affectation types séances', 'Module', 0, 1, 'SELECT `CLASS_session_type_to_be_affected_as_enseignant`.* \r\nFROM `CLASS_session_type_to_be_affected_as_enseignant`\r\n\r\nJOIN CLASS_session_type_to_be_affected ON CLASS_session_type_to_be_affected.id_type_seance_to_be_affected = CLASS_session_type_to_be_affected_as_enseignant.id_type_seance_to_be_affected\r\nJOIN LNM_groupe ON LNM_groupe.id_groupe = CLASS_session_type_to_be_affected.id_groupe\r\nJOIN MAQUETTE_module_sequencage ON MAQUETTE_module_sequencage.id_module_sequencage = CLASS_session_type_to_be_affected.id_module_sequencage\r\n\r\nJOIN MAQUETTE_module ON MAQUETTE_module.id_module = MAQUETTE_module_sequencage.id_module\r\nJOIN MAQUETTE_discipline ON MAQUETTE_discipline.id_discipline = MAQUETTE_module.id_discipline\r\nJOIN LNM_semestre ON LNM_semestre.id_semestre = MAQUETTE_module.id_semestre\r\nJOIN MAQUETTE_module_as_learning_unit ON MAQUETTE_module_as_learning_unit.id_module = MAQUETTE_module.id_module\r\nJOIN MAQUETTE_learning_unit ON MAQUETTE_learning_unit.id_learning_unit = MAQUETTE_module_as_learning_unit.id_learning_unit\r\nJOIN LNM_promo ON LNM_promo.id_promo = MAQUETTE_learning_unit.id_promo AND LNM_groupe.id_promo = LNM_promo.id_promo\r\n\r\nJOIN LNM_statut ON LNM_statut.id_statut = LNM_promo.id_statut\r\nJOIN LNM_filiere ON LNM_filiere.id_filiere = LNM_promo.id_filiere\r\nWHERE 1;'),
(6, 6, 'CLASS_session_to_be_affected_as_enseignant', 'Affectation séances', 'Module', 0, 1, 'SELECT `CLASS_session_to_be_affected_as_enseignant`.* \r\nFROM `CLASS_session_to_be_affected_as_enseignant`\r\n\r\nJOIN CLASS_session_to_be_affected ON CLASS_session_to_be_affected.id_seance_to_be_affected = `CLASS_session_to_be_affected_as_enseignant`.`id_seance_to_be_affected`\r\nJOIN LNM_groupe ON LNM_groupe.id_groupe = CLASS_session_to_be_affected.id_groupe\r\nJOIN MAQUETTE_module_sequence ON MAQUETTE_module_sequence.id_module_sequence = CLASS_session_to_be_affected.id_module_sequence\r\nJOIN MAQUETTE_module_sequencage ON MAQUETTE_module_sequencage.id_module_sequencage = MAQUETTE_module_sequence.id_module_sequencage\r\n\r\nJOIN MAQUETTE_module ON MAQUETTE_module.id_module = MAQUETTE_module_sequencage.id_module\r\nJOIN MAQUETTE_discipline ON MAQUETTE_discipline.id_discipline = MAQUETTE_module.id_discipline\r\nJOIN LNM_semestre ON LNM_semestre.id_semestre = MAQUETTE_module.id_semestre\r\nJOIN MAQUETTE_module_as_learning_unit ON MAQUETTE_module_as_learning_unit.id_module = MAQUETTE_module.id_module\r\nJOIN MAQUETTE_learning_unit ON MAQUETTE_learning_unit.id_learning_unit = MAQUETTE_module_as_learning_unit.id_learning_unit\r\nJOIN LNM_promo ON LNM_promo.id_promo = MAQUETTE_learning_unit.id_promo AND LNM_groupe.id_promo = LNM_promo.id_promo\r\n\r\nJOIN LNM_statut ON LNM_statut.id_statut = LNM_promo.id_statut\r\nJOIN LNM_filiere ON LNM_filiere.id_filiere = LNM_promo.id_filiere\r\nWHERE 1;\r\n'),
(7, 1, 'APC_apprentissage_critique_as_module', 'Apprentissage Critique 2 Module', 'APC', 1, 1, 'SELECT DISTINCT APC_apprentissage_critique_as_module.* \r\nFROM APC_apprentissage_critique_as_module\r\nJOIN MAQUETTE_module ON APC_apprentissage_critique_as_module.id_module = MAQUETTE_module.id_module\r\nJOIN APC_apprentissage_critique ON APC_apprentissage_critique_as_module.id_apprentissage_critique = APC_apprentissage_critique.id_apprentissage_critique\r\nJOIN APC_niveau ON APC_apprentissage_critique.id_niveau = APC_niveau.id_niveau\r\nJOIN APC_competence ON APC_niveau.id_competence = APC_competence.id_competence\r\nJOIN APC_competence_as_filiere_as_statut ON APC_competence.id_competence = APC_competence_as_filiere_as_statut.id_competence\r\n\r\n\r\n  JOIN MAQUETTE_module_as_learning_unit ON MAQUETTE_module_as_learning_unit.id_module = MAQUETTE_module.id_module\r\n  JOIN MAQUETTE_learning_unit ON MAQUETTE_learning_unit.id_learning_unit = MAQUETTE_module_as_learning_unit.id_learning_unit\r\n  JOIN LNM_promo ON MAQUETTE_learning_unit.id_promo = LNM_promo.id_promo\r\n\r\nJOIN LNM_statut ON LNM_statut.id_statut = LNM_promo.id_statut AND LNM_statut.id_statut = APC_competence_as_filiere_as_statut.id_status\r\nJOIN LNM_filiere ON LNM_filiere.id_filiere = LNM_promo.id_filiere AND LNM_filiere.id_filiere = APC_competence_as_filiere_as_statut.is_filiere\r\nWHERE 1;');

--
-- Index pour les tables déchargées
--

--
-- Index pour la table `APC_apprentissage_critique`
--
ALTER TABLE `APC_apprentissage_critique`
  ADD PRIMARY KEY (`id_apprentissage_critique`),
  ADD UNIQUE KEY `SECONDARY` (`libelle_apprentissage`),
  ADD KEY `FK_apprentissage_critique_as_niveau` (`id_niveau`);

--
-- Index pour la table `APC_apprentissage_critique_as_module`
--
ALTER TABLE `APC_apprentissage_critique_as_module`
  ADD PRIMARY KEY (`id_apprentissage_critique`,`id_module`),
  ADD UNIQUE KEY `SECONDARY` (`id_apprentissage_critique`,`id_module`) USING BTREE,
  ADD KEY `FK_apprentissage_critique_as_module_as_module` (`id_module`);

--
-- Index pour la table `APC_competence`
--
ALTER TABLE `APC_competence`
  ADD PRIMARY KEY (`id_competence`),
  ADD UNIQUE KEY `SECONDARY` (`code_competence`);

--
-- Index pour la table `APC_competence_as_filiere_as_statut`
--
ALTER TABLE `APC_competence_as_filiere_as_statut`
  ADD PRIMARY KEY (`id_competence`,`id_filiere`,`id_statut`),
  ADD UNIQUE KEY `SECONDARY` (`id_competence`,`id_filiere`,`id_statut`) USING BTREE,
  ADD KEY `competence_as_filiere_as_statut_2_filiere` (`id_filiere`),
  ADD KEY `competence_as_filiere_as_statut_2_statut` (`id_statut`) USING BTREE;

--
-- Index pour la table `APC_composante_essentielle`
--
ALTER TABLE `APC_composante_essentielle`
  ADD PRIMARY KEY (`id_composante_essentielle`),
  ADD UNIQUE KEY `SECONDARY` (`libelle_composante_essentielle`),
  ADD KEY `FK_composante_essentielle_as_competence` (`id_competence`);

--
-- Index pour la table `APC_niveau`
--
ALTER TABLE `APC_niveau`
  ADD PRIMARY KEY (`id_niveau`),
  ADD UNIQUE KEY `SECONDARY` (`id_competence`,`niveau`) USING BTREE;

--
-- Index pour la table `APC_situation_professionnelle`
--
ALTER TABLE `APC_situation_professionnelle`
  ADD PRIMARY KEY (`id_situation_professionnelle`),
  ADD UNIQUE KEY `SECONDARY` (`id_competence`,`libelle_situation`) USING BTREE,
  ADD KEY `FK_situation_professionnelle_as_competence` (`id_competence`);

--
-- Index pour la table `CLASS_absence`
--
ALTER TABLE `CLASS_absence`
  ADD PRIMARY KEY (`id_session`,`id_etudiant`),
  ADD UNIQUE KEY `SECONDARY` (`id_session`,`id_etudiant`) USING BTREE,
  ADD KEY `FK_absence_as_etudiant` (`id_etudiant`);

--
-- Index pour la table `CLASS_session`
--
ALTER TABLE `CLASS_session`
  ADD PRIMARY KEY (`id_session`),
  ADD UNIQUE KEY `SECONDARY` (`id_module_sequence`,`id_groupe`) USING BTREE,
  ADD KEY `FK_seance_to_be_affected_as_groupe` (`id_groupe`),
  ADD KEY `FK_session_to_enseignant` (`id_enseignant`);

--
-- Index pour la table `ETU_classical_evaluation`
--
ALTER TABLE `ETU_classical_evaluation`
  ADD PRIMARY KEY (`id_classical_evaluation`),
  ADD UNIQUE KEY `SECONDARY` (`id_etudiant`,`evaluation`,`date`,`id_module`) USING BTREE,
  ADD KEY `FK_id_etudiant` (`id_etudiant`),
  ADD KEY `FK_evaluation_type` (`id_evaluation_type`),
  ADD KEY `FK_classical_evaluation_as_module` (`id_module`);

--
-- Index pour la table `ETU_competence_evaluation`
--
ALTER TABLE `ETU_competence_evaluation`
  ADD PRIMARY KEY (`id_competence_evaluation`),
  ADD UNIQUE KEY `SECONDARY` (`id_etudiant`,`id_apprentissage_critique`,`date`),
  ADD KEY `FK_competence_evaluation_as_apprentissage_critique` (`id_apprentissage_critique`),
  ADD KEY `FK_competence_evaluation_as_evaluation_type` (`id_evaluation_type`);

--
-- Index pour la table `ETU_polypoint`
--
ALTER TABLE `ETU_polypoint`
  ADD PRIMARY KEY (`id_polypoint`),
  ADD KEY `FK_polypoint_as_etudiant` (`id_etudiant`);

--
-- Index pour la table `EXT_seance_planned`
--
ALTER TABLE `EXT_seance_planned`
  ADD PRIMARY KEY (`id_seance_planned`),
  ADD UNIQUE KEY `SECONDARY` (`date`,`id_enseignant`,`id_module`,`id_seance_type`) USING BTREE;

--
-- Index pour la table `LNM_administratif`
--
ALTER TABLE `LNM_administratif`
  ADD PRIMARY KEY (`id_administratif`),
  ADD UNIQUE KEY `mail` (`mail`),
  ADD UNIQUE KEY `SECONDARY` (`nom`,`prenom`);

--
-- Index pour la table `LNM_enseignant`
--
ALTER TABLE `LNM_enseignant`
  ADD PRIMARY KEY (`id_enseignant`),
  ADD UNIQUE KEY `SECONDARY` (`prenom`,`nom`) USING BTREE,
  ADD UNIQUE KEY `mail` (`mail`),
  ADD KEY `FK_enseignant_as_discipline` (`id_discipline`);

--
-- Index pour la table `LNM_etudiant`
--
ALTER TABLE `LNM_etudiant`
  ADD PRIMARY KEY (`id_etudiant`),
  ADD UNIQUE KEY `SECONDARY` (`nom`,`prenom`) USING BTREE,
  ADD UNIQUE KEY `mail` (`mail`),
  ADD KEY `FK_etudiant_as_promo` (`id_promo`),
  ADD KEY `FK_etudiant_as_origine` (`id_origine`);

--
-- Index pour la table `LNM_etudiant_as_groupe`
--
ALTER TABLE `LNM_etudiant_as_groupe`
  ADD PRIMARY KEY (`id_etudiant`,`id_groupe`),
  ADD UNIQUE KEY `SECONDARY` (`id_etudiant`,`id_groupe`),
  ADD KEY `FK_etudiant_as_groupe_as_groupe` (`id_groupe`);

--
-- Index pour la table `LNM_evaluation_type`
--
ALTER TABLE `LNM_evaluation_type`
  ADD PRIMARY KEY (`id_evaluation_type`),
  ADD UNIQUE KEY `SECONDARY` (`evaluation_name`);

--
-- Index pour la table `LNM_filiere`
--
ALTER TABLE `LNM_filiere`
  ADD PRIMARY KEY (`id_filiere`),
  ADD UNIQUE KEY `SECONDARY` (`nom_filiere`) USING BTREE,
  ADD KEY `FK_filiere_as_responsable` (`id_responsable`);

--
-- Index pour la table `LNM_groupe`
--
ALTER TABLE `LNM_groupe`
  ADD PRIMARY KEY (`id_groupe`),
  ADD UNIQUE KEY `SECONDARY` (`nom_groupe`),
  ADD KEY `FK_groupe_as_promo` (`id_promo`),
  ADD KEY `FK_groupe_as_groupe_type` (`id_groupe_type`);

--
-- Index pour la table `LNM_groupe_type`
--
ALTER TABLE `LNM_groupe_type`
  ADD PRIMARY KEY (`id_groupe_type`),
  ADD UNIQUE KEY `SECONDARY` (`groupe_type`) USING BTREE;

--
-- Index pour la table `LNM_origine`
--
ALTER TABLE `LNM_origine`
  ADD PRIMARY KEY (`id_origine`),
  ADD UNIQUE KEY `SECONDARY` (`nom_etablissement`,`nom_formation`) USING BTREE;

--
-- Index pour la table `LNM_promo`
--
ALTER TABLE `LNM_promo`
  ADD PRIMARY KEY (`id_promo`),
  ADD UNIQUE KEY `SECONDARY` (`id_filiere`,`id_statut`,`annee`,`site`,`parcour`) USING BTREE,
  ADD KEY `FK_promo_as_statut` (`id_statut`),
  ADD KEY `FK_promo_as_responsable` (`id_responsable`);

--
-- Index pour la table `LNM_rendu_module`
--
ALTER TABLE `LNM_rendu_module`
  ADD PRIMARY KEY (`id_rendu_module`),
  ADD UNIQUE KEY `SECONDARY` (`description`,`date`,`id_module`) USING BTREE,
  ADD KEY `FK_rendu_module_as_module` (`id_module`);

--
-- Index pour la table `LNM_rendu_module_as_enseignant`
--
ALTER TABLE `LNM_rendu_module_as_enseignant`
  ADD PRIMARY KEY (`id_rendu_module`,`id_enseignant`),
  ADD KEY `FK_rendu_module_as_enseignant_as_enseignant` (`id_enseignant`);

--
-- Index pour la table `LNM_rendu_module_as_etudiant`
--
ALTER TABLE `LNM_rendu_module_as_etudiant`
  ADD PRIMARY KEY (`id_rendu_module`,`id_etudiant`),
  ADD KEY `FK_rendu_module_as_etudiant_as_etudiant` (`id_etudiant`);

--
-- Index pour la table `LNM_seanceType`
--
ALTER TABLE `LNM_seanceType`
  ADD PRIMARY KEY (`id_seance_type`),
  ADD UNIQUE KEY `SECONDARY` (`type`);

--
-- Index pour la table `LNM_semestre`
--
ALTER TABLE `LNM_semestre`
  ADD PRIMARY KEY (`id_semestre`),
  ADD UNIQUE KEY `SECONDARY` (`semestre`) USING BTREE;

--
-- Index pour la table `LNM_stage`
--
ALTER TABLE `LNM_stage`
  ADD PRIMARY KEY (`id_stage`),
  ADD UNIQUE KEY `SECONDARY` (`entreprise`,`intitulé`),
  ADD KEY `FK_stage_as_etudiant` (`id_etudiant`),
  ADD KEY `FK_stage_as_enseignant` (`id_enseignant`);

--
-- Index pour la table `LNM_statut`
--
ALTER TABLE `LNM_statut`
  ADD PRIMARY KEY (`id_statut`),
  ADD UNIQUE KEY `SECONDARY` (`nom_statut`);

--
-- Index pour la table `LNM_universite`
--
ALTER TABLE `LNM_universite`
  ADD PRIMARY KEY (`id_universite`),
  ADD UNIQUE KEY `SECONDARY` (`nom_court`) USING BTREE,
  ADD UNIQUE KEY `nom` (`nom`);

--
-- Index pour la table `MAQUETTE_dependance_sequence`
--
ALTER TABLE `MAQUETTE_dependance_sequence`
  ADD PRIMARY KEY (`id_sequence_prev`,`id_sequence_next`),
  ADD UNIQUE KEY `SECONDARY` (`id_sequence_prev`,`id_sequence_next`) USING BTREE,
  ADD KEY `FK_dependance_sequence_as_module_sequencage_next` (`id_sequence_next`);

--
-- Index pour la table `MAQUETTE_discipline`
--
ALTER TABLE `MAQUETTE_discipline`
  ADD PRIMARY KEY (`id_discipline`),
  ADD UNIQUE KEY `SECONDARY` (`nom`);

--
-- Index pour la table `MAQUETTE_learning_unit`
--
ALTER TABLE `MAQUETTE_learning_unit`
  ADD PRIMARY KEY (`id_learning_unit`),
  ADD UNIQUE KEY `SECONDARY` (`learning_unit_code`,`id_promo`) USING BTREE,
  ADD KEY `FK_learning_unit_as_promo` (`id_promo`);

--
-- Index pour la table `MAQUETTE_module`
--
ALTER TABLE `MAQUETTE_module`
  ADD PRIMARY KEY (`id_module`),
  ADD UNIQUE KEY `SECONDARY` (`code_module`) USING BTREE,
  ADD KEY `FK_module_as_enseignant` (`id_responsable`),
  ADD KEY `FK_module_as_semestre` (`id_semestre`),
  ADD KEY `FK_module_as_discipline` (`id_discipline`);

--
-- Index pour la table `MAQUETTE_module_as_learning_unit`
--
ALTER TABLE `MAQUETTE_module_as_learning_unit`
  ADD PRIMARY KEY (`id_module`,`id_learning_unit`),
  ADD UNIQUE KEY `SECONDARY` (`id_module`,`id_learning_unit`),
  ADD KEY `FK_module_as_learning_unit_as_learning_unit` (`id_learning_unit`);

--
-- Index pour la table `MAQUETTE_module_sequencage`
--
ALTER TABLE `MAQUETTE_module_sequencage`
  ADD PRIMARY KEY (`id_module_sequencage`),
  ADD UNIQUE KEY `SECONDARY` (`id_module`,`id_seance_type`,`id_groupe_type`,`duree_h`) USING BTREE,
  ADD KEY `FK_module_sequencage_as_intervenant_principal` (`id_intervenant_principal`),
  ADD KEY `FK_module_sequencage_as_groupe_type` (`id_groupe_type`),
  ADD KEY `FK_module_sequencage_as_seanceType` (`id_seance_type`);

--
-- Index pour la table `MAQUETTE_module_sequence`
--
ALTER TABLE `MAQUETTE_module_sequence`
  ADD PRIMARY KEY (`id_module_sequence`),
  ADD UNIQUE KEY `SECONDARY` (`id_module_sequencage`,`numero_ordre`) USING BTREE,
  ADD KEY `FK_module_sequence_as_enseignant` (`id_intervenant_principal`);

--
-- Index pour la table `MRDBF_system_request`
--
ALTER TABLE `MRDBF_system_request`
  ADD PRIMARY KEY (`id_system_request`),
  ADD UNIQUE KEY `SECONDARY` (`nom`);

--
-- Index pour la table `VIEW_check`
--
ALTER TABLE `VIEW_check`
  ADD PRIMARY KEY (`id_view`),
  ADD UNIQUE KEY `SECONDARY` (`name`);

--
-- Index pour la table `VIEW_display`
--
ALTER TABLE `VIEW_display`
  ADD PRIMARY KEY (`id_view`),
  ADD UNIQUE KEY `SECONDARY` (`name`);

--
-- Index pour la table `VIEW_parameters_of_views`
--
ALTER TABLE `VIEW_parameters_of_views`
  ADD PRIMARY KEY (`id_parameters_of_views`),
  ADD UNIQUE KEY `SECONDARY` (`sessionId`) USING BTREE,
  ADD KEY `FK_parameters_of_views_as_semestre` (`id_semestre`),
  ADD KEY `FK_parameters_of_views_as_module` (`id_module`),
  ADD KEY `FK_parameters_of_views_as_enseignant` (`id_enseignant`),
  ADD KEY `FK_parameters_of_views_as_discipline` (`id_discipline`),
  ADD KEY `FK_parameters_of_views_as_status` (`id_statut`),
  ADD KEY `FK_parameters_of_views_as_filiere` (`id_filiere`);

--
-- Index pour la table `VIEW_updatable`
--
ALTER TABLE `VIEW_updatable`
  ADD PRIMARY KEY (`id_updatable`),
  ADD UNIQUE KEY `SECONDARY` (`table_name`) USING BTREE,
  ADD UNIQUE KEY `table_name_displayed` (`table_name_displayed`);

--
-- AUTO_INCREMENT pour les tables déchargées
--

--
-- AUTO_INCREMENT pour la table `APC_apprentissage_critique`
--
ALTER TABLE `APC_apprentissage_critique`
  MODIFY `id_apprentissage_critique` int NOT NULL AUTO_INCREMENT, AUTO_INCREMENT=79;

--
-- AUTO_INCREMENT pour la table `APC_competence`
--
ALTER TABLE `APC_competence`
  MODIFY `id_competence` int NOT NULL AUTO_INCREMENT, AUTO_INCREMENT=5;

--
-- AUTO_INCREMENT pour la table `APC_composante_essentielle`
--
ALTER TABLE `APC_composante_essentielle`
  MODIFY `id_composante_essentielle` int NOT NULL AUTO_INCREMENT, AUTO_INCREMENT=22;

--
-- AUTO_INCREMENT pour la table `APC_niveau`
--
ALTER TABLE `APC_niveau`
  MODIFY `id_niveau` int NOT NULL AUTO_INCREMENT, AUTO_INCREMENT=13;

--
-- AUTO_INCREMENT pour la table `APC_situation_professionnelle`
--
ALTER TABLE `APC_situation_professionnelle`
  MODIFY `id_situation_professionnelle` int NOT NULL AUTO_INCREMENT, AUTO_INCREMENT=9;

--
-- AUTO_INCREMENT pour la table `CLASS_session`
--
ALTER TABLE `CLASS_session`
  MODIFY `id_session` int NOT NULL AUTO_INCREMENT, AUTO_INCREMENT=1394;

--
-- AUTO_INCREMENT pour la table `ETU_classical_evaluation`
--
ALTER TABLE `ETU_classical_evaluation`
  MODIFY `id_classical_evaluation` int NOT NULL AUTO_INCREMENT, AUTO_INCREMENT=169;

--
-- AUTO_INCREMENT pour la table `ETU_competence_evaluation`
--
ALTER TABLE `ETU_competence_evaluation`
  MODIFY `id_competence_evaluation` int NOT NULL AUTO_INCREMENT, AUTO_INCREMENT=11838;

--
-- AUTO_INCREMENT pour la table `ETU_polypoint`
--
ALTER TABLE `ETU_polypoint`
  MODIFY `id_polypoint` int NOT NULL AUTO_INCREMENT;

--
-- AUTO_INCREMENT pour la table `EXT_seance_planned`
--
ALTER TABLE `EXT_seance_planned`
  MODIFY `id_seance_planned` int NOT NULL AUTO_INCREMENT;

--
-- AUTO_INCREMENT pour la table `LNM_administratif`
--
ALTER TABLE `LNM_administratif`
  MODIFY `id_administratif` int NOT NULL AUTO_INCREMENT, AUTO_INCREMENT=2;

--
-- AUTO_INCREMENT pour la table `LNM_enseignant`
--
ALTER TABLE `LNM_enseignant`
  MODIFY `id_enseignant` int NOT NULL AUTO_INCREMENT, AUTO_INCREMENT=66;

--
-- AUTO_INCREMENT pour la table `LNM_etudiant`
--
ALTER TABLE `LNM_etudiant`
  MODIFY `id_etudiant` int NOT NULL AUTO_INCREMENT, AUTO_INCREMENT=541;

--
-- AUTO_INCREMENT pour la table `LNM_evaluation_type`
--
ALTER TABLE `LNM_evaluation_type`
  MODIFY `id_evaluation_type` int NOT NULL AUTO_INCREMENT, AUTO_INCREMENT=9;

--
-- AUTO_INCREMENT pour la table `LNM_groupe`
--
ALTER TABLE `LNM_groupe`
  MODIFY `id_groupe` int NOT NULL AUTO_INCREMENT, AUTO_INCREMENT=69;

--
-- AUTO_INCREMENT pour la table `LNM_origine`
--
ALTER TABLE `LNM_origine`
  MODIFY `id_origine` int NOT NULL AUTO_INCREMENT;

--
-- AUTO_INCREMENT pour la table `LNM_promo`
--
ALTER TABLE `LNM_promo`
  MODIFY `id_promo` int NOT NULL AUTO_INCREMENT, AUTO_INCREMENT=31;

--
-- AUTO_INCREMENT pour la table `LNM_rendu_module`
--
ALTER TABLE `LNM_rendu_module`
  MODIFY `id_rendu_module` int NOT NULL AUTO_INCREMENT, AUTO_INCREMENT=5;

--
-- AUTO_INCREMENT pour la table `LNM_stage`
--
ALTER TABLE `LNM_stage`
  MODIFY `id_stage` int NOT NULL AUTO_INCREMENT, AUTO_INCREMENT=24;

--
-- AUTO_INCREMENT pour la table `LNM_statut`
--
ALTER TABLE `LNM_statut`
  MODIFY `id_statut` int NOT NULL AUTO_INCREMENT, AUTO_INCREMENT=5;

--
-- AUTO_INCREMENT pour la table `LNM_universite`
--
ALTER TABLE `LNM_universite`
  MODIFY `id_universite` int NOT NULL AUTO_INCREMENT, AUTO_INCREMENT=23;

--
-- AUTO_INCREMENT pour la table `MAQUETTE_discipline`
--
ALTER TABLE `MAQUETTE_discipline`
  MODIFY `id_discipline` int NOT NULL AUTO_INCREMENT, AUTO_INCREMENT=10;

--
-- AUTO_INCREMENT pour la table `MAQUETTE_learning_unit`
--
ALTER TABLE `MAQUETTE_learning_unit`
  MODIFY `id_learning_unit` int NOT NULL AUTO_INCREMENT, AUTO_INCREMENT=56;

--
-- AUTO_INCREMENT pour la table `MAQUETTE_module`
--
ALTER TABLE `MAQUETTE_module`
  MODIFY `id_module` int NOT NULL AUTO_INCREMENT, AUTO_INCREMENT=181;

--
-- AUTO_INCREMENT pour la table `MAQUETTE_module_sequencage`
--
ALTER TABLE `MAQUETTE_module_sequencage`
  MODIFY `id_module_sequencage` int NOT NULL AUTO_INCREMENT, AUTO_INCREMENT=126;

--
-- AUTO_INCREMENT pour la table `MAQUETTE_module_sequence`
--
ALTER TABLE `MAQUETTE_module_sequence`
  MODIFY `id_module_sequence` int NOT NULL AUTO_INCREMENT, AUTO_INCREMENT=812;

--
-- AUTO_INCREMENT pour la table `MRDBF_system_request`
--
ALTER TABLE `MRDBF_system_request`
  MODIFY `id_system_request` int NOT NULL AUTO_INCREMENT, AUTO_INCREMENT=7;

--
-- AUTO_INCREMENT pour la table `VIEW_check`
--
ALTER TABLE `VIEW_check`
  MODIFY `id_view` int NOT NULL AUTO_INCREMENT, AUTO_INCREMENT=15;

--
-- AUTO_INCREMENT pour la table `VIEW_display`
--
ALTER TABLE `VIEW_display`
  MODIFY `id_view` int NOT NULL AUTO_INCREMENT, AUTO_INCREMENT=25;

--
-- AUTO_INCREMENT pour la table `VIEW_parameters_of_views`
--
ALTER TABLE `VIEW_parameters_of_views`
  MODIFY `id_parameters_of_views` int NOT NULL AUTO_INCREMENT, AUTO_INCREMENT=32;

--
-- AUTO_INCREMENT pour la table `VIEW_updatable`
--
ALTER TABLE `VIEW_updatable`
  MODIFY `id_updatable` int NOT NULL AUTO_INCREMENT, AUTO_INCREMENT=8;

--
-- Contraintes pour les tables déchargées
--

--
-- Contraintes pour la table `APC_apprentissage_critique`
--
ALTER TABLE `APC_apprentissage_critique`
  ADD CONSTRAINT `FK_apprentissage_critique_as_niveau` FOREIGN KEY (`id_niveau`) REFERENCES `APC_niveau` (`id_niveau`) ON DELETE RESTRICT ON UPDATE RESTRICT;

--
-- Contraintes pour la table `APC_apprentissage_critique_as_module`
--
ALTER TABLE `APC_apprentissage_critique_as_module`
  ADD CONSTRAINT `FK_apprentissage_critique_as_module_as_apprentissage_critique` FOREIGN KEY (`id_apprentissage_critique`) REFERENCES `APC_apprentissage_critique` (`id_apprentissage_critique`) ON DELETE RESTRICT ON UPDATE RESTRICT,
  ADD CONSTRAINT `FK_apprentissage_critique_as_module_as_module` FOREIGN KEY (`id_module`) REFERENCES `MAQUETTE_module` (`id_module`) ON DELETE RESTRICT ON UPDATE RESTRICT;

--
-- Contraintes pour la table `APC_competence_as_filiere_as_statut`
--
ALTER TABLE `APC_competence_as_filiere_as_statut`
  ADD CONSTRAINT `competence_as_filiere_as_statut_2_competence` FOREIGN KEY (`id_competence`) REFERENCES `APC_competence` (`id_competence`) ON DELETE RESTRICT ON UPDATE RESTRICT,
  ADD CONSTRAINT `competence_as_filiere_as_statut_2_filiere` FOREIGN KEY (`id_filiere`) REFERENCES `LNM_filiere` (`id_filiere`) ON DELETE RESTRICT ON UPDATE RESTRICT,
  ADD CONSTRAINT `competence_as_filiere_as_statut_2_statut` FOREIGN KEY (`id_statut`) REFERENCES `LNM_statut` (`id_statut`) ON DELETE RESTRICT ON UPDATE RESTRICT;

--
-- Contraintes pour la table `APC_composante_essentielle`
--
ALTER TABLE `APC_composante_essentielle`
  ADD CONSTRAINT `FK_composante_essentielle_as_competence` FOREIGN KEY (`id_competence`) REFERENCES `APC_competence` (`id_competence`) ON DELETE RESTRICT ON UPDATE RESTRICT;

--
-- Contraintes pour la table `APC_niveau`
--
ALTER TABLE `APC_niveau`
  ADD CONSTRAINT `FK_niveau_as_competence` FOREIGN KEY (`id_competence`) REFERENCES `APC_competence` (`id_competence`) ON DELETE RESTRICT ON UPDATE RESTRICT;

--
-- Contraintes pour la table `APC_situation_professionnelle`
--
ALTER TABLE `APC_situation_professionnelle`
  ADD CONSTRAINT `FK_situation_professionnelle_as_competence` FOREIGN KEY (`id_competence`) REFERENCES `APC_competence` (`id_competence`) ON DELETE RESTRICT ON UPDATE RESTRICT;

--
-- Contraintes pour la table `CLASS_absence`
--
ALTER TABLE `CLASS_absence`
  ADD CONSTRAINT `FK_absence_as_etudiant` FOREIGN KEY (`id_etudiant`) REFERENCES `LNM_etudiant` (`id_etudiant`) ON DELETE RESTRICT ON UPDATE RESTRICT,
  ADD CONSTRAINT `FK_absence_as_session` FOREIGN KEY (`id_session`) REFERENCES `CLASS_session` (`id_session`) ON DELETE RESTRICT ON UPDATE RESTRICT;

--
-- Contraintes pour la table `CLASS_session`
--
ALTER TABLE `CLASS_session`
  ADD CONSTRAINT `FK_seance_to_be_affected_as_groupe` FOREIGN KEY (`id_groupe`) REFERENCES `LNM_groupe` (`id_groupe`) ON DELETE RESTRICT ON UPDATE RESTRICT,
  ADD CONSTRAINT `FK_seance_to_be_affected_as_module_sequence` FOREIGN KEY (`id_module_sequence`) REFERENCES `MAQUETTE_module_sequence` (`id_module_sequence`) ON DELETE CASCADE ON UPDATE CASCADE,
  ADD CONSTRAINT `FK_session_to_enseignant` FOREIGN KEY (`id_enseignant`) REFERENCES `LNM_enseignant` (`id_enseignant`) ON DELETE RESTRICT ON UPDATE RESTRICT;

--
-- Contraintes pour la table `ETU_classical_evaluation`
--
ALTER TABLE `ETU_classical_evaluation`
  ADD CONSTRAINT `FK_classical_evaluation_as_etudiant` FOREIGN KEY (`id_etudiant`) REFERENCES `LNM_etudiant` (`id_etudiant`) ON DELETE RESTRICT ON UPDATE RESTRICT,
  ADD CONSTRAINT `FK_classical_evaluation_as_evaluation_type` FOREIGN KEY (`id_evaluation_type`) REFERENCES `LNM_evaluation_type` (`id_evaluation_type`) ON DELETE RESTRICT ON UPDATE RESTRICT,
  ADD CONSTRAINT `FK_classical_evaluation_as_module` FOREIGN KEY (`id_module`) REFERENCES `MAQUETTE_module` (`id_module`) ON DELETE RESTRICT ON UPDATE RESTRICT;

--
-- Contraintes pour la table `ETU_competence_evaluation`
--
ALTER TABLE `ETU_competence_evaluation`
  ADD CONSTRAINT `FK_competence_evaluation_as_apprentissage_critique` FOREIGN KEY (`id_apprentissage_critique`) REFERENCES `APC_apprentissage_critique` (`id_apprentissage_critique`) ON DELETE RESTRICT ON UPDATE RESTRICT,
  ADD CONSTRAINT `FK_competence_evaluation_as_etudiant` FOREIGN KEY (`id_etudiant`) REFERENCES `LNM_etudiant` (`id_etudiant`) ON DELETE RESTRICT ON UPDATE RESTRICT,
  ADD CONSTRAINT `FK_competence_evaluation_as_evaluation_type` FOREIGN KEY (`id_evaluation_type`) REFERENCES `LNM_evaluation_type` (`id_evaluation_type`) ON DELETE RESTRICT ON UPDATE RESTRICT;

--
-- Contraintes pour la table `ETU_polypoint`
--
ALTER TABLE `ETU_polypoint`
  ADD CONSTRAINT `FK_polypoint_as_etudiant` FOREIGN KEY (`id_etudiant`) REFERENCES `LNM_etudiant` (`id_etudiant`) ON DELETE RESTRICT ON UPDATE RESTRICT;

--
-- Contraintes pour la table `LNM_enseignant`
--
ALTER TABLE `LNM_enseignant`
  ADD CONSTRAINT `FK_enseignant_as_discipline` FOREIGN KEY (`id_discipline`) REFERENCES `MAQUETTE_discipline` (`id_discipline`) ON DELETE RESTRICT ON UPDATE RESTRICT;

--
-- Contraintes pour la table `LNM_etudiant`
--
ALTER TABLE `LNM_etudiant`
  ADD CONSTRAINT `FK_etudiant_as_origine` FOREIGN KEY (`id_origine`) REFERENCES `LNM_origine` (`id_origine`) ON DELETE RESTRICT ON UPDATE RESTRICT,
  ADD CONSTRAINT `FK_etudiant_as_promo` FOREIGN KEY (`id_promo`) REFERENCES `LNM_promo` (`id_promo`) ON DELETE RESTRICT ON UPDATE RESTRICT;

--
-- Contraintes pour la table `LNM_etudiant_as_groupe`
--
ALTER TABLE `LNM_etudiant_as_groupe`
  ADD CONSTRAINT `FK_etudiant_as_groupe_as_etudiant` FOREIGN KEY (`id_etudiant`) REFERENCES `LNM_etudiant` (`id_etudiant`) ON DELETE RESTRICT ON UPDATE RESTRICT,
  ADD CONSTRAINT `FK_etudiant_as_groupe_as_groupe` FOREIGN KEY (`id_groupe`) REFERENCES `LNM_groupe` (`id_groupe`) ON DELETE RESTRICT ON UPDATE RESTRICT;

--
-- Contraintes pour la table `LNM_filiere`
--
ALTER TABLE `LNM_filiere`
  ADD CONSTRAINT `FK_filiere_as_responsable` FOREIGN KEY (`id_responsable`) REFERENCES `LNM_enseignant` (`id_enseignant`) ON DELETE RESTRICT ON UPDATE RESTRICT;

--
-- Contraintes pour la table `LNM_groupe`
--
ALTER TABLE `LNM_groupe`
  ADD CONSTRAINT `FK_groupe_as_groupe_type` FOREIGN KEY (`id_groupe_type`) REFERENCES `LNM_groupe_type` (`id_groupe_type`) ON DELETE RESTRICT ON UPDATE RESTRICT,
  ADD CONSTRAINT `FK_groupe_as_promo` FOREIGN KEY (`id_promo`) REFERENCES `LNM_promo` (`id_promo`) ON DELETE RESTRICT ON UPDATE RESTRICT;

--
-- Contraintes pour la table `LNM_promo`
--
ALTER TABLE `LNM_promo`
  ADD CONSTRAINT `FK_promo_as_filiere` FOREIGN KEY (`id_filiere`) REFERENCES `LNM_filiere` (`id_filiere`) ON DELETE RESTRICT ON UPDATE RESTRICT,
  ADD CONSTRAINT `FK_promo_as_responsable` FOREIGN KEY (`id_responsable`) REFERENCES `LNM_enseignant` (`id_enseignant`) ON DELETE RESTRICT ON UPDATE RESTRICT,
  ADD CONSTRAINT `FK_promo_as_statut` FOREIGN KEY (`id_statut`) REFERENCES `LNM_statut` (`id_statut`) ON DELETE RESTRICT ON UPDATE RESTRICT;

--
-- Contraintes pour la table `LNM_rendu_module`
--
ALTER TABLE `LNM_rendu_module`
  ADD CONSTRAINT `FK_rendu_module_as_module` FOREIGN KEY (`id_module`) REFERENCES `MAQUETTE_module` (`id_module`) ON DELETE RESTRICT ON UPDATE RESTRICT;

--
-- Contraintes pour la table `LNM_rendu_module_as_enseignant`
--
ALTER TABLE `LNM_rendu_module_as_enseignant`
  ADD CONSTRAINT `FK_rendu_module_as_enseignant_as_enseignant` FOREIGN KEY (`id_enseignant`) REFERENCES `LNM_enseignant` (`id_enseignant`) ON DELETE RESTRICT ON UPDATE RESTRICT,
  ADD CONSTRAINT `FK_rendu_module_as_enseignant_as_rendu_module` FOREIGN KEY (`id_rendu_module`) REFERENCES `LNM_rendu_module` (`id_rendu_module`) ON DELETE RESTRICT ON UPDATE RESTRICT;

--
-- Contraintes pour la table `LNM_rendu_module_as_etudiant`
--
ALTER TABLE `LNM_rendu_module_as_etudiant`
  ADD CONSTRAINT `FK_rendu_module_as_etudiant_as_etudiant` FOREIGN KEY (`id_etudiant`) REFERENCES `LNM_etudiant` (`id_etudiant`) ON DELETE RESTRICT ON UPDATE RESTRICT,
  ADD CONSTRAINT `FK_rendu_module_as_etudiant_as_rendu_module` FOREIGN KEY (`id_rendu_module`) REFERENCES `LNM_rendu_module` (`id_rendu_module`) ON DELETE RESTRICT ON UPDATE RESTRICT;

--
-- Contraintes pour la table `LNM_stage`
--
ALTER TABLE `LNM_stage`
  ADD CONSTRAINT `FK_stage_as_enseignant` FOREIGN KEY (`id_enseignant`) REFERENCES `LNM_enseignant` (`id_enseignant`) ON DELETE RESTRICT ON UPDATE RESTRICT,
  ADD CONSTRAINT `FK_stage_as_etudiant` FOREIGN KEY (`id_etudiant`) REFERENCES `LNM_etudiant` (`id_etudiant`) ON DELETE RESTRICT ON UPDATE RESTRICT;

--
-- Contraintes pour la table `MAQUETTE_dependance_sequence`
--
ALTER TABLE `MAQUETTE_dependance_sequence`
  ADD CONSTRAINT `FK_dependance_sequence_as_module_sequencage_next` FOREIGN KEY (`id_sequence_next`) REFERENCES `MAQUETTE_module_sequence` (`id_module_sequence`) ON DELETE CASCADE ON UPDATE RESTRICT,
  ADD CONSTRAINT `FK_dependance_sequence_as_module_sequencage_prev` FOREIGN KEY (`id_sequence_prev`) REFERENCES `MAQUETTE_module_sequence` (`id_module_sequence`) ON DELETE CASCADE ON UPDATE RESTRICT;

--
-- Contraintes pour la table `MAQUETTE_learning_unit`
--
ALTER TABLE `MAQUETTE_learning_unit`
  ADD CONSTRAINT `FK_learning_unit_as_promo` FOREIGN KEY (`id_promo`) REFERENCES `LNM_promo` (`id_promo`) ON DELETE RESTRICT ON UPDATE RESTRICT;

--
-- Contraintes pour la table `MAQUETTE_module`
--
ALTER TABLE `MAQUETTE_module`
  ADD CONSTRAINT `FK_module_as_discipline` FOREIGN KEY (`id_discipline`) REFERENCES `MAQUETTE_discipline` (`id_discipline`) ON DELETE RESTRICT ON UPDATE RESTRICT,
  ADD CONSTRAINT `FK_module_as_enseignant` FOREIGN KEY (`id_responsable`) REFERENCES `LNM_enseignant` (`id_enseignant`),
  ADD CONSTRAINT `FK_module_as_responsable` FOREIGN KEY (`id_responsable`) REFERENCES `LNM_enseignant` (`id_enseignant`) ON DELETE RESTRICT ON UPDATE RESTRICT,
  ADD CONSTRAINT `FK_module_as_semestre` FOREIGN KEY (`id_semestre`) REFERENCES `LNM_semestre` (`id_semestre`);

--
-- Contraintes pour la table `MAQUETTE_module_as_learning_unit`
--
ALTER TABLE `MAQUETTE_module_as_learning_unit`
  ADD CONSTRAINT `FK_module_as_learning_unit_as_learning_unit` FOREIGN KEY (`id_learning_unit`) REFERENCES `MAQUETTE_learning_unit` (`id_learning_unit`) ON DELETE RESTRICT ON UPDATE RESTRICT,
  ADD CONSTRAINT `FK_module_as_learning_unit_as_module` FOREIGN KEY (`id_module`) REFERENCES `MAQUETTE_module` (`id_module`) ON DELETE RESTRICT ON UPDATE RESTRICT;

--
-- Contraintes pour la table `MAQUETTE_module_sequencage`
--
ALTER TABLE `MAQUETTE_module_sequencage`
  ADD CONSTRAINT `FK_module_sequencage_as_groupe_type` FOREIGN KEY (`id_groupe_type`) REFERENCES `LNM_groupe_type` (`id_groupe_type`) ON DELETE RESTRICT ON UPDATE RESTRICT,
  ADD CONSTRAINT `FK_module_sequencage_as_intervenant_principal` FOREIGN KEY (`id_intervenant_principal`) REFERENCES `LNM_enseignant` (`id_enseignant`) ON DELETE RESTRICT ON UPDATE RESTRICT,
  ADD CONSTRAINT `FK_module_sequencage_as_module` FOREIGN KEY (`id_module`) REFERENCES `MAQUETTE_module` (`id_module`) ON DELETE RESTRICT ON UPDATE RESTRICT,
  ADD CONSTRAINT `FK_module_sequencage_as_seanceType` FOREIGN KEY (`id_seance_type`) REFERENCES `LNM_seanceType` (`id_seance_type`) ON DELETE RESTRICT ON UPDATE RESTRICT;

--
-- Contraintes pour la table `MAQUETTE_module_sequence`
--
ALTER TABLE `MAQUETTE_module_sequence`
  ADD CONSTRAINT `FK_module_sequence_as_enseignant` FOREIGN KEY (`id_intervenant_principal`) REFERENCES `LNM_enseignant` (`id_enseignant`) ON DELETE RESTRICT ON UPDATE RESTRICT,
  ADD CONSTRAINT `FK_module_sequence_as_module_sequencage` FOREIGN KEY (`id_module_sequencage`) REFERENCES `MAQUETTE_module_sequencage` (`id_module_sequencage`) ON DELETE CASCADE ON UPDATE CASCADE;

--
-- Contraintes pour la table `VIEW_parameters_of_views`
--
ALTER TABLE `VIEW_parameters_of_views`
  ADD CONSTRAINT `FK_parameters_of_views_as_discipline` FOREIGN KEY (`id_discipline`) REFERENCES `MAQUETTE_discipline` (`id_discipline`) ON DELETE RESTRICT ON UPDATE RESTRICT,
  ADD CONSTRAINT `FK_parameters_of_views_as_enseignant` FOREIGN KEY (`id_enseignant`) REFERENCES `LNM_enseignant` (`id_enseignant`) ON DELETE RESTRICT ON UPDATE RESTRICT,
  ADD CONSTRAINT `FK_parameters_of_views_as_filiere` FOREIGN KEY (`id_filiere`) REFERENCES `LNM_filiere` (`id_filiere`) ON DELETE RESTRICT ON UPDATE RESTRICT,
  ADD CONSTRAINT `FK_parameters_of_views_as_module` FOREIGN KEY (`id_module`) REFERENCES `MAQUETTE_module` (`id_module`) ON DELETE RESTRICT ON UPDATE RESTRICT,
  ADD CONSTRAINT `FK_parameters_of_views_as_semestre` FOREIGN KEY (`id_semestre`) REFERENCES `LNM_semestre` (`id_semestre`) ON DELETE RESTRICT ON UPDATE RESTRICT,
  ADD CONSTRAINT `FK_parameters_of_views_as_status` FOREIGN KEY (`id_statut`) REFERENCES `LNM_statut` (`id_statut`) ON DELETE RESTRICT ON UPDATE RESTRICT;
COMMIT;

/*!40101 SET CHARACTER_SET_CLIENT=@OLD_CHARACTER_SET_CLIENT */;
/*!40101 SET CHARACTER_SET_RESULTS=@OLD_CHARACTER_SET_RESULTS */;
/*!40101 SET COLLATION_CONNECTION=@OLD_COLLATION_CONNECTION */;
